node	mat	pat	mat:pat	color
utig4-0	81	0	81:0	#AAAAAA
utig4-1	72	0	72:0	#AAAAAA
utig4-2	117	0	117:0	#FF8888
utig4-3	63	0	63:0	#AAAAAA
utig4-4	63	0	63:0	#AAAAAA
utig4-5	126	0	126:0	#FF8888
utig4-6	117	0	117:0	#FF8888
utig4-7	126	0	126:0	#FF8888
utig4-8	74	809	74:809	#8888FF
utig4-9	564	3562	564:3562	#FFFF00
utig4-10	569	3571	569:3571	#FFFF00
utig4-11	566	3579	566:3579	#FFFF00
utig4-12	1048	6352	1048:6352	#FFFF00
utig4-13	957	5350	957:5350	#FFFF00
utig4-14	1873	9842	1873:9842	#FFFF00
utig4-15	266	2374	266:2374	#FFFF00
utig4-16	108	1985	108:1985	#8888FF
utig4-17	458	2403	458:2403	#FFFF00
utig4-18	487	2554	487:2554	#FFFF00
utig4-19	691	5145	691:5145	#FFFF00
utig4-20	551	3410	551:3410	#FFFF00
utig4-21	969	4779	969:4779	#FFFF00
utig4-22	556	3712	556:3712	#FFFF00
utig4-23	558	3402	558:3402	#FFFF00
utig4-24	560	3328	560:3328	#FFFF00
utig4-25	549	3165	549:3165	#FFFF00
utig4-26	966	5027	966:5027	#FFFF00
utig4-27	492	2449	492:2449	#FFFF00
utig4-28	485	2575	485:2575	#FFFF00
utig4-29	351	0	351:0	#FF8888
utig4-30	423	0	423:0	#FF8888
utig4-31	12128	0	12128:0	#FF8888
utig4-32	6754	0	6754:0	#FF8888
utig4-33	99	0	99:0	#AAAAAA
utig4-34	171	0	171:0	#FF8888
utig4-35	171	0	171:0	#FF8888
utig4-36	135	0	135:0	#FF8888
utig4-37	66	21	66:21	#AAAAAA
utig4-38	66	21	66:21	#AAAAAA
utig4-39	67	21	67:21	#AAAAAA
utig4-40	234	0	234:0	#FF8888
utig4-41	126	0	126:0	#FF8888
utig4-42	126	0	126:0	#FF8888
utig4-43	11	0	11:0	#AAAAAA
utig4-44	148	0	148:0	#FF8888
utig4-45	72	0	72:0	#AAAAAA
utig4-46	83	0	83:0	#AAAAAA
utig4-47	101	0	101:0	#FF8888
utig4-48	668	0	668:0	#FF8888
utig4-49	690	0	690:0	#FF8888
utig4-50	99	0	99:0	#AAAAAA
utig4-51	940	0	940:0	#FF8888
utig4-52	135	0	135:0	#FF8888
utig4-53	238	0	238:0	#FF8888
utig4-54	85	0	85:0	#AAAAAA
utig4-55	221	0	221:0	#FF8888
utig4-56	230	0	230:0	#FF8888
utig4-57	95	0	95:0	#AAAAAA
utig4-58	207	0	207:0	#FF8888
utig4-59	8706	0	8706:0	#FF8888
utig4-60	5109	0	5109:0	#FF8888
utig4-61	10963	0	10963:0	#FF8888
utig4-62	198	0	198:0	#FF8888
utig4-63	126	0	126:0	#FF8888
utig4-64	126	0	126:0	#FF8888
utig4-65	117	0	117:0	#FF8888
utig4-66	117	0	117:0	#FF8888
utig4-67	135	0	135:0	#FF8888
utig4-68	126	0	126:0	#FF8888
utig4-69	180	0	180:0	#FF8888
utig4-70	162	0	162:0	#FF8888
utig4-71	9009	0	9009:0	#FF8888
utig4-72	7944	0	7944:0	#FF8888
utig4-73	39134	0	39134:0	#FF8888
utig4-74	4752	0	4752:0	#FF8888
utig4-75	4737	0	4737:0	#FF8888
utig4-76	171	0	171:0	#FF8888
utig4-77	50741	5341744	50741:5341744	#8888FF
utig4-78	868	4202	868:4202	#FFFF00
utig4-79	52	576	52:576	#8888FF
utig4-80	4804	279970	4804:279970	#8888FF
utig4-81	54	0	54:0	#AAAAAA
utig4-82	3652	0	3652:0	#FF8888
utig4-83	6256	0	6256:0	#FF8888
utig4-84	608	0	608:0	#FF8888
utig4-85	182	0	182:0	#FF8888
utig4-86	3825	0	3825:0	#FF8888
utig4-87	135	0	135:0	#FF8888
utig4-88	135	0	135:0	#FF8888
utig4-89	135	0	135:0	#FF8888
utig4-90	144	0	144:0	#FF8888
utig4-91	153	0	153:0	#FF8888
utig4-92	135	0	135:0	#FF8888
utig4-93	652	4486	652:4486	#FFFF00
utig4-94	601	3616	601:3616	#FFFF00
utig4-95	126	0	126:0	#FF8888
utig4-96	108	0	108:0	#FF8888
utig4-97	144	0	144:0	#FF8888
utig4-98	135	0	135:0	#FF8888
utig4-99	117	0	117:0	#FF8888
utig4-100	135	0	135:0	#FF8888
utig4-101	144	0	144:0	#FF8888
utig4-102	207	0	207:0	#FF8888
utig4-103	153	0	153:0	#FF8888
utig4-104	198	0	198:0	#FF8888
utig4-105	37647	5	37647:5	#FF8888
utig4-106	152	0	152:0	#FF8888
utig4-107	44239	0	44239:0	#FF8888
utig4-108	459	0	459:0	#FF8888
utig4-109	486	0	486:0	#FF8888
utig4-110	450	0	450:0	#FF8888
utig4-111	486	0	486:0	#FF8888
utig4-112	585	0	585:0	#FF8888
utig4-113	198	0	198:0	#FF8888
utig4-114	138	0	138:0	#FF8888
utig4-115	189	0	189:0	#FF8888
utig4-116	339	0	339:0	#FF8888
utig4-117	331	0	331:0	#FF8888
utig4-118	331	0	331:0	#FF8888
utig4-119	500	0	500:0	#FF8888
utig4-120	216	0	216:0	#FF8888
utig4-121	144	0	144:0	#FF8888
utig4-122	126	0	126:0	#FF8888
utig4-123	153	0	153:0	#FF8888
utig4-124	99	0	99:0	#AAAAAA
utig4-125	180	0	180:0	#FF8888
utig4-126	126	0	126:0	#FF8888
utig4-127	144	0	144:0	#FF8888
utig4-128	153	0	153:0	#FF8888
utig4-129	207	0	207:0	#FF8888
utig4-130	153	0	153:0	#FF8888
utig4-131	99	0	99:0	#AAAAAA
utig4-132	90	0	90:0	#AAAAAA
utig4-133	189	0	189:0	#FF8888
utig4-134	216	0	216:0	#FF8888
utig4-135	146	0	146:0	#FF8888
utig4-136	135	0	135:0	#FF8888
utig4-137	144	0	144:0	#FF8888
utig4-138	153	0	153:0	#FF8888
utig4-139	153	0	153:0	#FF8888
utig4-140	153	0	153:0	#FF8888
utig4-141	153	0	153:0	#FF8888
utig4-142	153	0	153:0	#FF8888
utig4-143	171	0	171:0	#FF8888
utig4-144	153	0	153:0	#FF8888
utig4-145	126	0	126:0	#FF8888
utig4-146	108	0	108:0	#FF8888
utig4-147	108	0	108:0	#FF8888
utig4-148	63	0	63:0	#AAAAAA
utig4-149	455	2190	455:2190	#FFFF00
utig4-150	858	4017	858:4017	#FFFF00
utig4-151	487	2792	487:2792	#FFFF00
utig4-152	508	3019	508:3019	#FFFF00
utig4-153	51	1334	51:1334	#8888FF
utig4-154	189	0	189:0	#FF8888
utig4-155	144	0	144:0	#FF8888
utig4-156	144	0	144:0	#FF8888
utig4-157	189	0	189:0	#FF8888
utig4-158	153	0	153:0	#FF8888
utig4-159	180	0	180:0	#FF8888
utig4-160	306	0	306:0	#FF8888
utig4-161	252	0	252:0	#FF8888
utig4-162	333	0	333:0	#FF8888
utig4-163	225	0	225:0	#FF8888
utig4-164	279	0	279:0	#FF8888
utig4-165	351	0	351:0	#FF8888
utig4-166	315	0	315:0	#FF8888
utig4-167	525	0	525:0	#FF8888
utig4-168	210	0	210:0	#FF8888
utig4-169	733	0	733:0	#FF8888
utig4-170	817	0	817:0	#FF8888
utig4-171	2161	0	2161:0	#FF8888
utig4-172	234	0	234:0	#FF8888
utig4-173	440	0	440:0	#FF8888
utig4-174	210	0	210:0	#FF8888
utig4-175	410	0	410:0	#FF8888
utig4-176	588	0	588:0	#FF8888
utig4-177	588	0	588:0	#FF8888
utig4-178	734	0	734:0	#FF8888
utig4-179	2434	0	2434:0	#FF8888
utig4-180	126	0	126:0	#FF8888
utig4-181	105	0	105:0	#FF8888
utig4-182	12416	0	12416:0	#FF8888
utig4-183	477	0	477:0	#FF8888
utig4-184	2414	0	2414:0	#FF8888
utig4-185	299	0	299:0	#FF8888
utig4-186	23908	0	23908:0	#FF8888
utig4-187	147	0	147:0	#FF8888
utig4-188	2374	0	2374:0	#FF8888
utig4-189	746	0	746:0	#FF8888
utig4-190	2388	0	2388:0	#FF8888
utig4-191	198	0	198:0	#FF8888
utig4-192	272	0	272:0	#FF8888
utig4-193	289	0	289:0	#FF8888
utig4-194	272	0	272:0	#FF8888
utig4-195	348	0	348:0	#FF8888
utig4-196	297	0	297:0	#FF8888
utig4-197	139	0	139:0	#FF8888
utig4-198	5666	0	5666:0	#FF8888
utig4-199	9422	0	9422:0	#FF8888
utig4-200	15238	0	15238:0	#FF8888
utig4-201	45	0	45:0	#AAAAAA
utig4-202	135	0	135:0	#FF8888
utig4-203	198	0	198:0	#FF8888
utig4-204	162	0	162:0	#FF8888
utig4-205	153	0	153:0	#FF8888
utig4-206	144	0	144:0	#FF8888
utig4-207	567	0	567:0	#FF8888
utig4-208	153	0	153:0	#FF8888
utig4-209	162	0	162:0	#FF8888
utig4-210	171	0	171:0	#FF8888
utig4-211	180	0	180:0	#FF8888
utig4-212	162	0	162:0	#FF8888
utig4-213	144	0	144:0	#FF8888
utig4-214	225	0	225:0	#FF8888
utig4-215	351	0	351:0	#FF8888
utig4-216	351	0	351:0	#FF8888
utig4-217	207	0	207:0	#FF8888
utig4-218	171	0	171:0	#FF8888
utig4-219	144	0	144:0	#FF8888
utig4-220	144	0	144:0	#FF8888
utig4-221	2373	0	2373:0	#FF8888
utig4-222	2498	0	2498:0	#FF8888
utig4-223	180	0	180:0	#FF8888
utig4-224	180	0	180:0	#FF8888
utig4-225	189	0	189:0	#FF8888
utig4-226	162	0	162:0	#FF8888
utig4-227	171	0	171:0	#FF8888
utig4-228	171	0	171:0	#FF8888
utig4-229	69276	0	69276:0	#FF8888
utig4-230	1233	0	1233:0	#FF8888
utig4-231	81	0	81:0	#AAAAAA
utig4-232	162	0	162:0	#FF8888
utig4-233	144	0	144:0	#FF8888
utig4-234	144	0	144:0	#FF8888
utig4-235	153	0	153:0	#FF8888
utig4-236	153	0	153:0	#FF8888
utig4-237	306	0	306:0	#FF8888
utig4-238	153	0	153:0	#FF8888
utig4-239	162	0	162:0	#FF8888
utig4-240	252	0	252:0	#FF8888
utig4-241	171	0	171:0	#FF8888
utig4-242	153	0	153:0	#FF8888
utig4-243	135	0	135:0	#FF8888
utig4-244	905	4232	905:4232	#FFFF00
utig4-245	1432	7500	1432:7500	#FFFF00
utig4-246	162	0	162:0	#FF8888
utig4-247	3944	0	3944:0	#FF8888
utig4-248	1284	0	1284:0	#FF8888
utig4-249	172	0	172:0	#FF8888
utig4-250	1199	0	1199:0	#FF8888
utig4-251	2377	0	2377:0	#FF8888
utig4-252	64446	0	64446:0	#FF8888
utig4-253	3603	0	3603:0	#FF8888
utig4-254	2566	0	2566:0	#FF8888
utig4-255	2458	0	2458:0	#FF8888
utig4-256	54	0	54:0	#AAAAAA
utig4-257	432	0	432:0	#FF8888
utig4-258	305	0	305:0	#FF8888
utig4-259	1169971	66	1169971:66	#FF8888
utig4-260	5830438	420	5830438:420	#FF8888
utig4-261	306	0	306:0	#FF8888
utig4-262	537	3186	537:3186	#FFFF00
utig4-263	976	5185	976:5185	#FFFF00
utig4-264	126	0	126:0	#FF8888
utig4-265	0	217	0:217	#8888FF
utig4-266	291	0	291:0	#FF8888
utig4-267	1908	0	1908:0	#FF8888
utig4-268	225	0	225:0	#FF8888
utig4-269	153	0	153:0	#FF8888
utig4-270	252	0	252:0	#FF8888
utig4-271	279	0	279:0	#FF8888
utig4-272	7900	0	7900:0	#FF8888
utig4-273	299	0	299:0	#FF8888
utig4-274	180	0	180:0	#FF8888
utig4-275	345	0	345:0	#FF8888
utig4-276	162	0	162:0	#FF8888
utig4-277	180	0	180:0	#FF8888
utig4-278	153	0	153:0	#FF8888
utig4-279	171	0	171:0	#FF8888
utig4-280	117	0	117:0	#FF8888
utig4-281	135	0	135:0	#FF8888
utig4-282	162	0	162:0	#FF8888
utig4-283	162	0	162:0	#FF8888
utig4-284	99	0	99:0	#AAAAAA
utig4-285	153	0	153:0	#FF8888
utig4-286	189	0	189:0	#FF8888
utig4-287	153	0	153:0	#FF8888
utig4-288	162	0	162:0	#FF8888
utig4-289	180	0	180:0	#FF8888
utig4-290	207	0	207:0	#FF8888
utig4-291	180	0	180:0	#FF8888
utig4-292	135	0	135:0	#FF8888
utig4-293	684	0	684:0	#FF8888
utig4-294	108	0	108:0	#FF8888
utig4-295	162	0	162:0	#FF8888
utig4-296	135	0	135:0	#FF8888
utig4-297	93	1682	93:1682	#8888FF
utig4-298	335277	26699681	335277:26699681	#8888FF
utig4-299	615	4599	615:4599	#FFFF00
utig4-300	536	3886	536:3886	#FFFF00
utig4-301	550	4343	550:4343	#FFFF00
utig4-302	508	3686	508:3686	#FFFF00
utig4-303	579	3771	579:3771	#FFFF00
utig4-304	112	0	112:0	#FF8888
utig4-305	180	0	180:0	#FF8888
utig4-306	882	0	882:0	#FF8888
utig4-307	4590	0	4590:0	#FF8888
utig4-308	18601	0	18601:0	#FF8888
utig4-309	4338	0	4338:0	#FF8888
utig4-310	297	0	297:0	#FF8888
utig4-311	189	0	189:0	#FF8888
utig4-312	198	0	198:0	#FF8888
utig4-313	207	0	207:0	#FF8888
utig4-314	216	0	216:0	#FF8888
utig4-315	288	0	288:0	#FF8888
utig4-316	72	0	72:0	#AAAAAA
utig4-317	90	0	90:0	#AAAAAA
utig4-318	81	0	81:0	#AAAAAA
utig4-319	171	0	171:0	#FF8888
utig4-320	171	0	171:0	#FF8888
utig4-321	180	0	180:0	#FF8888
utig4-322	162	0	162:0	#FF8888
utig4-323	180	0	180:0	#FF8888
utig4-324	492	2724	492:2724	#FFFF00
utig4-325	450	2228	450:2228	#FFFF00
utig4-326	156	0	156:0	#FF8888
utig4-327	171	0	171:0	#FF8888
utig4-328	171	0	171:0	#FF8888
utig4-329	234	0	234:0	#FF8888
utig4-330	226	0	226:0	#FF8888
utig4-331	225	0	225:0	#FF8888
utig4-332	171	0	171:0	#FF8888
utig4-333	12671	0	12671:0	#FF8888
utig4-334	3026	0	3026:0	#FF8888
utig4-335	3846	0	3846:0	#FF8888
utig4-336	303	0	303:0	#FF8888
utig4-337	3234	0	3234:0	#FF8888
utig4-338	180	0	180:0	#FF8888
utig4-339	171	0	171:0	#FF8888
utig4-340	54	0	54:0	#AAAAAA
utig4-341	63	0	63:0	#AAAAAA
utig4-342	194	0	194:0	#FF8888
utig4-343	126	0	126:0	#FF8888
utig4-344	39	0	39:0	#AAAAAA
utig4-345	8	0	8:0	#AAAAAA
utig4-346	14	13	14:13	#AAAAAA
utig4-347	30	21	30:21	#AAAAAA
utig4-348	6	13	6:13	#AAAAAA
utig4-349	198	0	198:0	#FF8888
utig4-350	144	0	144:0	#FF8888
utig4-351	171	0	171:0	#FF8888
utig4-352	35	21	35:21	#AAAAAA
utig4-353	67	21	67:21	#AAAAAA
utig4-354	108	0	108:0	#FF8888
utig4-355	180	0	180:0	#FF8888
utig4-356	139	0	139:0	#FF8888
utig4-357	2565	0	2565:0	#FF8888
utig4-358	569	0	569:0	#FF8888
utig4-359	139	0	139:0	#FF8888
utig4-360	119	0	119:0	#FF8888
utig4-361	126	0	126:0	#FF8888
utig4-362	180	0	180:0	#FF8888
utig4-363	834	0	834:0	#FF8888
utig4-364	4242	0	4242:0	#FF8888
utig4-365	171	0	171:0	#FF8888
utig4-366	117	0	117:0	#FF8888
utig4-367	225	0	225:0	#FF8888
utig4-368	225	0	225:0	#FF8888
utig4-369	225	0	225:0	#FF8888
utig4-370	226	0	226:0	#FF8888
utig4-371	135	0	135:0	#FF8888
utig4-372	3887	0	3887:0	#FF8888
utig4-373	126	0	126:0	#FF8888
utig4-374	137	0	137:0	#FF8888
utig4-375	181	0	181:0	#FF8888
utig4-376	2275	0	2275:0	#FF8888
utig4-377	117	0	117:0	#FF8888
utig4-378	608	0	608:0	#FF8888
utig4-379	162	0	162:0	#FF8888
utig4-380	180	0	180:0	#FF8888
utig4-381	234	0	234:0	#FF8888
utig4-382	135	0	135:0	#FF8888
utig4-383	2591	0	2591:0	#FF8888
utig4-384	2620	0	2620:0	#FF8888
utig4-385	211	0	211:0	#FF8888
utig4-386	164	0	164:0	#FF8888
utig4-387	125	0	125:0	#FF8888
utig4-388	125	0	125:0	#FF8888
utig4-389	233	0	233:0	#FF8888
utig4-390	3670	0	3670:0	#FF8888
utig4-391	223	0	223:0	#FF8888
utig4-392	76	0	76:0	#AAAAAA
utig4-393	140	0	140:0	#FF8888
utig4-394	230	0	230:0	#FF8888
utig4-395	257	0	257:0	#FF8888
utig4-396	192	0	192:0	#FF8888
utig4-397	168	0	168:0	#FF8888
utig4-398	190	0	190:0	#FF8888
utig4-399	44	6	44:6	#AAAAAA
utig4-400	203	0	203:0	#FF8888
utig4-401	171	0	171:0	#FF8888
utig4-402	144	0	144:0	#FF8888
utig4-403	169	0	169:0	#FF8888
utig4-404	124	0	124:0	#FF8888
utig4-405	86	0	86:0	#AAAAAA
utig4-406	171	0	171:0	#FF8888
utig4-407	171	0	171:0	#FF8888
utig4-408	2596	0	2596:0	#FF8888
utig4-409	135	0	135:0	#FF8888
utig4-410	81	0	81:0	#AAAAAA
utig4-411	198	0	198:0	#FF8888
utig4-412	181	0	181:0	#FF8888
utig4-413	118	1257	118:1257	#8888FF
utig4-414	2461	0	2461:0	#FF8888
utig4-415	2442	0	2442:0	#FF8888
utig4-416	2541	0	2541:0	#FF8888
utig4-417	391	0	391:0	#FF8888
utig4-418	2393	0	2393:0	#FF8888
utig4-419	498	0	498:0	#FF8888
utig4-420	282	0	282:0	#FF8888
utig4-421	2065	0	2065:0	#FF8888
utig4-422	6968	0	6968:0	#FF8888
utig4-423	6852	0	6852:0	#FF8888
utig4-424	4805	0	4805:0	#FF8888
utig4-425	9642	0	9642:0	#FF8888
utig4-426	9422	0	9422:0	#FF8888
utig4-427	5117	0	5117:0	#FF8888
utig4-428	5177	0	5177:0	#FF8888
utig4-429	3794	0	3794:0	#FF8888
utig4-430	14443	0	14443:0	#FF8888
utig4-431	17244681	924	17244681:924	#FF8888
utig4-432	4354	0	4354:0	#FF8888
utig4-433	4011	0	4011:0	#FF8888
utig4-434	4354	0	4354:0	#FF8888
utig4-435	4298	0	4298:0	#FF8888
utig4-436	6960	0	6960:0	#FF8888
utig4-437	3856	0	3856:0	#FF8888
utig4-438	4161	0	4161:0	#FF8888
utig4-439	269	0	269:0	#FF8888
utig4-440	93	0	93:0	#AAAAAA
utig4-441	2018	0	2018:0	#FF8888
utig4-442	1657	0	1657:0	#FF8888
utig4-443	594	0	594:0	#FF8888
utig4-444	5613	0	5613:0	#FF8888
utig4-445	6099	0	6099:0	#FF8888
utig4-446	6099	0	6099:0	#FF8888
utig4-447	6043	0	6043:0	#FF8888
utig4-448	8705	0	8705:0	#FF8888
utig4-449	23073	0	23073:0	#FF8888
utig4-450	825	0	825:0	#FF8888
utig4-451	4278	0	4278:0	#FF8888
utig4-452	222	0	222:0	#FF8888
utig4-453	2154	0	2154:0	#FF8888
utig4-454	78	0	78:0	#AAAAAA
utig4-455	153	0	153:0	#FF8888
utig4-456	2140	0	2140:0	#FF8888
utig4-457	1284	0	1284:0	#FF8888
utig4-458	11630	0	11630:0	#FF8888
utig4-459	315	0	315:0	#FF8888
utig4-460	124651	0	124651:0	#FF8888
utig4-461	7050	0	7050:0	#FF8888
utig4-462	136	0	136:0	#FF8888
utig4-463	1284	0	1284:0	#FF8888
utig4-464	53	7822	53:7822	#8888FF
utig4-465	357	0	357:0	#FF8888
utig4-466	440	0	440:0	#FF8888
utig4-467	180	0	180:0	#FF8888
utig4-468	189	0	189:0	#FF8888
utig4-469	207	0	207:0	#FF8888
utig4-470	207	0	207:0	#FF8888
utig4-471	210	0	210:0	#FF8888
utig4-472	351	0	351:0	#FF8888
utig4-473	252	0	252:0	#FF8888
utig4-474	234	0	234:0	#FF8888
utig4-475	414	0	414:0	#FF8888
utig4-476	918	0	918:0	#FF8888
utig4-477	463	0	463:0	#FF8888
utig4-478	648	0	648:0	#FF8888
utig4-479	540	0	540:0	#FF8888
utig4-480	1075	0	1075:0	#FF8888
utig4-481	1202	0	1202:0	#FF8888
utig4-482	566	0	566:0	#FF8888
utig4-483	1202	0	1202:0	#FF8888
utig4-484	36009	0	36009:0	#FF8888
utig4-485	482	0	482:0	#FF8888
utig4-486	482	0	482:0	#FF8888
utig4-487	105	0	105:0	#FF8888
utig4-488	754	0	754:0	#FF8888
utig4-489	273	0	273:0	#FF8888
utig4-490	1934	0	1934:0	#FF8888
utig4-491	2105	0	2105:0	#FF8888
utig4-492	1925	0	1925:0	#FF8888
utig4-493	173	0	173:0	#FF8888
utig4-494	164	0	164:0	#FF8888
utig4-495	150612	7972627	150612:7972627	#8888FF
utig4-496	106913	7674923	106913:7674923	#8888FF
utig4-497	324	0	324:0	#FF8888
utig4-498	225	0	225:0	#FF8888
utig4-499	135	0	135:0	#FF8888
utig4-500	279	0	279:0	#FF8888
utig4-501	2624	0	2624:0	#FF8888
utig4-502	2596	0	2596:0	#FF8888
utig4-503	113	0	113:0	#FF8888
utig4-504	99	0	99:0	#AAAAAA
utig4-505	2	3276	2:3276	#8888FF
utig4-506	39	30568	39:30568	#8888FF
utig4-507	2	3275	2:3275	#8888FF
utig4-508	2258	295157	2258:295157	#8888FF
utig4-509	11	16991	11:16991	#8888FF
utig4-510	108	0	108:0	#FF8888
utig4-511	225	0	225:0	#FF8888
utig4-512	261	0	261:0	#FF8888
utig4-513	230	0	230:0	#FF8888
utig4-514	225	0	225:0	#FF8888
utig4-515	225	0	225:0	#FF8888
utig4-516	117	0	117:0	#FF8888
utig4-517	234	0	234:0	#FF8888
utig4-518	234	0	234:0	#FF8888
utig4-519	180	0	180:0	#FF8888
utig4-520	216	0	216:0	#FF8888
utig4-521	180	0	180:0	#FF8888
utig4-522	198	0	198:0	#FF8888
utig4-523	126	0	126:0	#FF8888
utig4-524	126	0	126:0	#FF8888
utig4-525	180	0	180:0	#FF8888
utig4-526	162	0	162:0	#FF8888
utig4-527	153	0	153:0	#FF8888
utig4-528	189	0	189:0	#FF8888
utig4-529	279	0	279:0	#FF8888
utig4-530	1237	0	1237:0	#FF8888
utig4-531	1901	0	1901:0	#FF8888
utig4-532	162	0	162:0	#FF8888
utig4-533	135	0	135:0	#FF8888
utig4-534	279	0	279:0	#FF8888
utig4-535	216	0	216:0	#FF8888
utig4-536	270	0	270:0	#FF8888
utig4-537	153	0	153:0	#FF8888
utig4-538	153	0	153:0	#FF8888
utig4-539	180	0	180:0	#FF8888
utig4-540	153	0	153:0	#FF8888
utig4-541	162	0	162:0	#FF8888
utig4-542	252	0	252:0	#FF8888
utig4-543	117	0	117:0	#FF8888
utig4-544	234	0	234:0	#FF8888
utig4-545	144	0	144:0	#FF8888
utig4-546	99	0	99:0	#AAAAAA
utig4-547	153	0	153:0	#FF8888
utig4-548	216	0	216:0	#FF8888
utig4-549	117	0	117:0	#FF8888
utig4-550	81	0	81:0	#AAAAAA
utig4-551	81	0	81:0	#AAAAAA
utig4-552	270	0	270:0	#FF8888
utig4-553	153	0	153:0	#FF8888
utig4-554	153	0	153:0	#FF8888
utig4-555	2819	0	2819:0	#FF8888
utig4-556	18543849	1121	18543849:1121	#FF8888
utig4-557	5119	0	5119:0	#FF8888
utig4-558	28689	0	28689:0	#FF8888
utig4-559	7913	0	7913:0	#FF8888
utig4-560	63	0	63:0	#AAAAAA
utig4-561	0	0	0:0	#AAAAAA
utig4-562	133	0	133:0	#FF8888
utig4-563	351	0	351:0	#FF8888
utig4-564	279	0	279:0	#FF8888
utig4-565	441	0	441:0	#FF8888
utig4-566	524	0	524:0	#FF8888
utig4-567	117	0	117:0	#FF8888
utig4-568	198	0	198:0	#FF8888
utig4-569	12153	0	12153:0	#FF8888
utig4-570	11090	0	11090:0	#FF8888
utig4-571	384	0	384:0	#FF8888
utig4-572	539	0	539:0	#FF8888
utig4-573	428	0	428:0	#FF8888
utig4-574	419	0	419:0	#FF8888
utig4-575	70	0	70:0	#AAAAAA
utig4-576	65	0	65:0	#AAAAAA
utig4-577	1496	23881	1496:23881	#8888FF
utig4-578	74616	1	74616:1	#FF8888
utig4-579	0	0	0:0	#AAAAAA
utig4-580	218	0	218:0	#FF8888
utig4-581	2	20	2:20	#AAAAAA
utig4-582	253	0	253:0	#FF8888
utig4-583	1	17	1:17	#AAAAAA
utig4-584	356	0	356:0	#FF8888
utig4-585	0	0	0:0	#AAAAAA
utig4-586	0	0	0:0	#AAAAAA
utig4-587	2	20	2:20	#AAAAAA
utig4-588	1	20	1:20	#AAAAAA
utig4-589	0	29	0:29	#AAAAAA
utig4-590	3	934	3:934	#8888FF
utig4-591	7022	0	7022:0	#FF8888
utig4-592	2	20	2:20	#AAAAAA
utig4-593	1	11	1:11	#AAAAAA
utig4-594	389	7705	389:7705	#8888FF
utig4-595	164	2467	164:2467	#8888FF
utig4-596	440	8869	440:8869	#8888FF
utig4-597	484	0	484:0	#FF8888
utig4-598	117	0	117:0	#FF8888
utig4-599	443	0	443:0	#FF8888
utig4-600	0	372	0:372	#8888FF
utig4-601	13	254	13:254	#8888FF
utig4-602	0	248	0:248	#8888FF
utig4-603	1	402	1:402	#8888FF
utig4-604	1	215	1:215	#8888FF
utig4-605	0	0	0:0	#AAAAAA
utig4-606	54	0	54:0	#AAAAAA
utig4-607	225	0	225:0	#FF8888
utig4-608	198	0	198:0	#FF8888
utig4-609	270	0	270:0	#FF8888
utig4-610	0	0	0:0	#AAAAAA
utig4-611	0	0	0:0	#AAAAAA
utig4-612	482	0	482:0	#FF8888
utig4-613	0	0	0:0	#AAAAAA
utig4-614	433	0	433:0	#FF8888
utig4-615	0	0	0:0	#AAAAAA
utig4-616	0	0	0:0	#AAAAAA
utig4-617	269	0	269:0	#FF8888
utig4-618	0	0	0:0	#AAAAAA
utig4-619	0	0	0:0	#AAAAAA
utig4-620	1243	0	1243:0	#FF8888
utig4-621	318	0	318:0	#FF8888
utig4-622	882	0	882:0	#FF8888
utig4-623	0	0	0:0	#AAAAAA
utig4-624	170	0	170:0	#FF8888
utig4-625	668	0	668:0	#FF8888
utig4-626	1335	0	1335:0	#FF8888
utig4-627	11985	0	11985:0	#FF8888
utig4-628	0	0	0:0	#AAAAAA
utig4-629	0	0	0:0	#AAAAAA
utig4-630	442	0	442:0	#FF8888
utig4-631	141	0	141:0	#FF8888
utig4-632	440	0	440:0	#FF8888
utig4-633	177	0	177:0	#FF8888
utig4-634	561	0	561:0	#FF8888
utig4-635	579	0	579:0	#FF8888
utig4-636	233	0	233:0	#FF8888
utig4-637	0	0	0:0	#AAAAAA
utig4-638	593	0	593:0	#FF8888
utig4-639	1015	0	1015:0	#FF8888
utig4-640	352	0	352:0	#FF8888
utig4-641	840	0	840:0	#FF8888
utig4-642	397	0	397:0	#FF8888
utig4-643	215	0	215:0	#FF8888
utig4-644	680	0	680:0	#FF8888
utig4-645	84	0	84:0	#AAAAAA
utig4-646	0	0	0:0	#AAAAAA
utig4-647	90	0	90:0	#AAAAAA
utig4-648	63	0	63:0	#AAAAAA
utig4-649	90	0	90:0	#AAAAAA
utig4-650	189	0	189:0	#FF8888
utig4-651	198	0	198:0	#FF8888
utig4-652	279	0	279:0	#FF8888
utig4-653	45	0	45:0	#AAAAAA
utig4-654	270	0	270:0	#FF8888
utig4-655	196	0	196:0	#FF8888
utig4-656	180	0	180:0	#FF8888
utig4-657	216	0	216:0	#FF8888
utig4-658	72	0	72:0	#AAAAAA
utig4-659	1019	6436	1019:6436	#FFFF00
utig4-660	531	2952	531:2952	#FFFF00
utig4-661	26	946	26:946	#8888FF
utig4-662	501	2791	501:2791	#FFFF00
utig4-663	71	924	71:924	#8888FF
utig4-664	291	1439	291:1439	#FFFF00
utig4-665	592	3491	592:3491	#FFFF00
utig4-666	81	0	81:0	#AAAAAA
utig4-667	11033	0	11033:0	#FF8888
utig4-668	11050	0	11050:0	#FF8888
utig4-669	6572	0	6572:0	#FF8888
utig4-670	6616	0	6616:0	#FF8888
utig4-671	13371	0	13371:0	#FF8888
utig4-672	0	1894	0:1894	#8888FF
utig4-673	111	0	111:0	#FF8888
utig4-674	54	0	54:0	#AAAAAA
utig4-675	72	0	72:0	#AAAAAA
utig4-676	198	0	198:0	#FF8888
utig4-677	207	0	207:0	#FF8888
utig4-678	657	0	657:0	#FF8888
utig4-679	207	0	207:0	#FF8888
utig4-680	90	0	90:0	#AAAAAA
utig4-681	3647	0	3647:0	#FF8888
utig4-682	474	0	474:0	#FF8888
utig4-683	252	0	252:0	#FF8888
utig4-684	118	0	118:0	#FF8888
utig4-685	3455	0	3455:0	#FF8888
utig4-686	21932	0	21932:0	#FF8888
utig4-687	156	0	156:0	#FF8888
utig4-688	216	0	216:0	#FF8888
utig4-689	441	0	441:0	#FF8888
utig4-690	288	0	288:0	#FF8888
utig4-691	0	0	0:0	#AAAAAA
utig4-692	623	0	623:0	#FF8888
utig4-693	336	0	336:0	#FF8888
utig4-694	312	0	312:0	#FF8888
utig4-695	0	0	0:0	#AAAAAA
utig4-696	294	0	294:0	#FF8888
utig4-697	170	0	170:0	#FF8888
utig4-698	660	0	660:0	#FF8888
utig4-699	0	0	0:0	#AAAAAA
utig4-700	675	0	675:0	#FF8888
utig4-701	245	0	245:0	#FF8888
utig4-702	0	0	0:0	#AAAAAA
utig4-703	0	0	0:0	#AAAAAA
utig4-704	0	0	0:0	#AAAAAA
utig4-705	63	0	63:0	#AAAAAA
utig4-706	501	0	501:0	#FF8888
utig4-707	334	0	334:0	#FF8888
utig4-708	271	0	271:0	#FF8888
utig4-709	380	0	380:0	#FF8888
utig4-710	439	0	439:0	#FF8888
utig4-711	317	0	317:0	#FF8888
utig4-712	219	0	219:0	#FF8888
utig4-713	0	0	0:0	#AAAAAA
utig4-714	586	0	586:0	#FF8888
utig4-715	473	0	473:0	#FF8888
utig4-716	42	0	42:0	#AAAAAA
utig4-717	602	0	602:0	#FF8888
utig4-718	642	0	642:0	#FF8888
utig4-719	11985	0	11985:0	#FF8888
utig4-720	0	0	0:0	#AAAAAA
utig4-721	4893	0	4893:0	#FF8888
utig4-722	67	0	67:0	#AAAAAA
utig4-723	248339	0	248339:0	#FF8888
utig4-724	14802372	1128	14802372:1128	#FF8888
utig4-725	336	0	336:0	#FF8888
utig4-726	72	0	72:0	#AAAAAA
utig4-727	81	0	81:0	#AAAAAA
utig4-728	126	0	126:0	#FF8888
utig4-729	108	0	108:0	#FF8888
utig4-730	117	0	117:0	#FF8888
utig4-731	171	0	171:0	#FF8888
utig4-732	11	0	11:0	#AAAAAA
utig4-733	163046	0	163046:0	#FF8888
utig4-734	2637	0	2637:0	#FF8888
utig4-735	2192	0	2192:0	#FF8888
utig4-736	2360	0	2360:0	#FF8888
utig4-737	2185	0	2185:0	#FF8888
utig4-738	575	0	575:0	#FF8888
utig4-739	81	0	81:0	#AAAAAA
utig4-740	90	0	90:0	#AAAAAA
utig4-741	11482	0	11482:0	#FF8888
utig4-742	991	0	991:0	#FF8888
utig4-743	2033	0	2033:0	#FF8888
utig4-744	455	0	455:0	#FF8888
utig4-745	15104	0	15104:0	#FF8888
utig4-746	24	3174	24:3174	#8888FF
utig4-747	138	56036	138:56036	#8888FF
utig4-748	84528	4916194	84528:4916194	#8888FF
utig4-749	0	203	0:203	#8888FF
utig4-750	2	949	2:949	#8888FF
utig4-751	221	4586	221:4586	#8888FF
utig4-752	5823	465658	5823:465658	#8888FF
utig4-753	1712	41092	1712:41092	#8888FF
utig4-754	63	0	63:0	#AAAAAA
utig4-755	686	12216	686:12216	#8888FF
utig4-756	603	4332	603:4332	#FFFF00
utig4-757	38	1216	38:1216	#8888FF
utig4-758	684	0	684:0	#FF8888
utig4-759	657	0	657:0	#FF8888
utig4-760	11236585	874	11236585:874	#FF8888
utig4-761	99	0	99:0	#AAAAAA
utig4-762	17419	0	17419:0	#FF8888
utig4-763	2154	0	2154:0	#FF8888
utig4-764	2271	0	2271:0	#FF8888
utig4-765	1062	0	1062:0	#FF8888
utig4-766	63	0	63:0	#AAAAAA
utig4-767	7819	0	7819:0	#FF8888
utig4-768	129975	8820751	129975:8820751	#8888FF
utig4-769	9134885	923	9134885:923	#FF8888
utig4-770	10534320	647	10534320:647	#FF8888
utig4-771	1584	0	1584:0	#FF8888
utig4-772	90	0	90:0	#AAAAAA
utig4-773	1584	0	1584:0	#FF8888
utig4-774	81	0	81:0	#AAAAAA
utig4-775	1584	0	1584:0	#FF8888
utig4-776	12774	0	12774:0	#FF8888
utig4-777	115915	0	115915:0	#FF8888
utig4-778	380	297706	380:297706	#8888FF
utig4-779	2	1796	2:1796	#8888FF
utig4-780	10692	0	10692:0	#FF8888
utig4-781	171	0	171:0	#FF8888
utig4-782	47745	0	47745:0	#FF8888
utig4-783	11531	0	11531:0	#FF8888
utig4-784	316	0	316:0	#FF8888
utig4-785	81	0	81:0	#AAAAAA
utig4-786	17375574	737	17375574:737	#FF8888
utig4-787	222	0	222:0	#FF8888
utig4-788	99	0	99:0	#AAAAAA
utig4-789	99	0	99:0	#AAAAAA
utig4-790	182247	1	182247:1	#FF8888
utig4-791	59	0	59:0	#AAAAAA
utig4-792	3527	0	3527:0	#FF8888
utig4-793	99	0	99:0	#AAAAAA
utig4-794	92	40403	92:40403	#8888FF
utig4-795	0	53	0:53	#AAAAAA
utig4-796	0	86	0:86	#AAAAAA
utig4-797	150717	14692319	150717:14692319	#8888FF
utig4-798	98251	4	98251:4	#FF8888
utig4-799	2481	0	2481:0	#FF8888
utig4-800	1584	0	1584:0	#FF8888
utig4-801	800	0	800:0	#FF8888
utig4-802	1575	0	1575:0	#FF8888
utig4-803	2456	0	2456:0	#FF8888
utig4-804	162837	12495515	162837:12495515	#8888FF
utig4-805	4	0	4:0	#AAAAAA
utig4-806	8	64	8:64	#AAAAAA
utig4-807	20	287	20:287	#8888FF
utig4-808	8	41	8:41	#AAAAAA
utig4-809	99	2004	99:2004	#8888FF
utig4-810	558	4702	558:4702	#FFFF00
utig4-811	551	4702	551:4702	#FFFF00
utig4-812	567	4702	567:4702	#FFFF00
utig4-813	507	3498	507:3498	#FFFF00
utig4-814	551	4702	551:4702	#FFFF00
utig4-815	577	4646	577:4646	#FFFF00
utig4-816	561	4646	561:4646	#FFFF00
utig4-817	1592	8101	1592:8101	#FFFF00
utig4-818	741	4884	741:4884	#FFFF00
utig4-819	279	2187	279:2187	#FFFF00
utig4-820	728	4884	728:4884	#FFFF00
utig4-821	157040	14407952	157040:14407952	#8888FF
utig4-822	90	0	90:0	#AAAAAA
utig4-823	63	0	63:0	#AAAAAA
utig4-824	2985	13552	2985:13552	#FFFF00
utig4-825	1317	12100	1317:12100	#8888FF
utig4-826	18886	0	18886:0	#FF8888
utig4-827	36426	0	36426:0	#FF8888
utig4-828	81	0	81:0	#AAAAAA
utig4-829	108	0	108:0	#FF8888
utig4-830	54	0	54:0	#AAAAAA
utig4-831	28284	0	28284:0	#FF8888
utig4-832	1062	0	1062:0	#FF8888
utig4-833	2409	0	2409:0	#FF8888
utig4-834	120322	0	120322:0	#FF8888
utig4-835	3336	0	3336:0	#FF8888
utig4-836	2763	0	2763:0	#FF8888
utig4-837	8755	0	8755:0	#FF8888
utig4-838	231	0	231:0	#FF8888
utig4-839	47270	0	47270:0	#FF8888
utig4-840	553	0	553:0	#FF8888
utig4-841	16	0	16:0	#AAAAAA
utig4-842	7	4	7:4	#AAAAAA
utig4-843	32	5	32:5	#AAAAAA
utig4-844	1259	296360	1259:296360	#8888FF
utig4-845	26	2	26:2	#AAAAAA
utig4-846	9243	0	9243:0	#FF8888
utig4-847	121644	0	121644:0	#FF8888
utig4-848	135	0	135:0	#FF8888
utig4-849	144	0	144:0	#FF8888
utig4-850	16104	0	16104:0	#FF8888
utig4-851	48802	0	48802:0	#FF8888
utig4-852	114	0	114:0	#FF8888
utig4-853	127901	0	127901:0	#FF8888
utig4-854	24882	0	24882:0	#FF8888
utig4-855	163	0	163:0	#FF8888
utig4-856	2781	0	2781:0	#FF8888
utig4-857	7999	0	7999:0	#FF8888
utig4-858	19852	0	19852:0	#FF8888
utig4-859	166	0	166:0	#FF8888
utig4-860	71651	0	71651:0	#FF8888
utig4-861	45	0	45:0	#AAAAAA
utig4-862	5953	0	5953:0	#FF8888
utig4-863	92600	0	92600:0	#FF8888
utig4-864	12843	0	12843:0	#FF8888
utig4-865	189	0	189:0	#FF8888
utig4-866	433	0	433:0	#FF8888
utig4-867	6598	0	6598:0	#FF8888
utig4-868	121	0	121:0	#FF8888
utig4-869	3079	0	3079:0	#FF8888
utig4-870	109881	8758349	109881:8758349	#8888FF
utig4-871	70251	0	70251:0	#FF8888
utig4-872	1391	0	1391:0	#FF8888
utig4-873	1141	0	1141:0	#FF8888
utig4-874	1829	0	1829:0	#FF8888
utig4-875	1857	0	1857:0	#FF8888
utig4-876	135	0	135:0	#FF8888
utig4-877	65137	1420219	65137:1420219	#8888FF
utig4-878	5968	0	5968:0	#FF8888
utig4-879	190	0	190:0	#FF8888
utig4-880	20415	0	20415:0	#FF8888
utig4-881	139151	10299111	139151:10299111	#8888FF
utig4-882	47882	0	47882:0	#FF8888
utig4-883	21942	0	21942:0	#FF8888
utig4-884	126	0	126:0	#FF8888
utig4-885	81	0	81:0	#AAAAAA
utig4-886	1303	0	1303:0	#FF8888
utig4-887	27	0	27:0	#AAAAAA
utig4-888	31800	0	31800:0	#FF8888
utig4-889	90	0	90:0	#AAAAAA
utig4-890	73606	5977520	73606:5977520	#8888FF
utig4-891	3329	0	3329:0	#FF8888
utig4-892	417	0	417:0	#FF8888
utig4-893	2507	0	2507:0	#FF8888
utig4-894	27811	0	27811:0	#FF8888
utig4-895	125551	8908134	125551:8908134	#8888FF
utig4-896	106356	6843995	106356:6843995	#8888FF
utig4-897	2749	0	2749:0	#FF8888
utig4-898	126	0	126:0	#FF8888
utig4-899	4495	0	4495:0	#FF8888
utig4-900	234	0	234:0	#FF8888
utig4-901	721	0	721:0	#FF8888
utig4-902	306	0	306:0	#FF8888
utig4-903	134	0	134:0	#FF8888
utig4-904	170	0	170:0	#FF8888
utig4-905	303	0	303:0	#FF8888
utig4-906	180	0	180:0	#FF8888
utig4-907	192643	6486910	192643:6486910	#8888FF
utig4-908	38550237	2642	38550237:2642	#FF8888
utig4-909	116351	7629503	116351:7629503	#8888FF
utig4-910	136247	7809692	136247:7809692	#8888FF
utig4-911	142	40378	142:40378	#8888FF
utig4-912	0	354	0:354	#8888FF
utig4-913	91430	6676048	91430:6676048	#8888FF
utig4-914	9085123	741	9085123:741	#FF8888
utig4-915	127160	11380694	127160:11380694	#8888FF
utig4-916	122104	11745163	122104:11745163	#8888FF
utig4-917	9962	0	9962:0	#FF8888
utig4-918	11306	0	11306:0	#FF8888
utig4-919	13586	0	13586:0	#FF8888
utig4-920	35689	0	35689:0	#FF8888
utig4-921	124107	10085091	124107:10085091	#8888FF
utig4-922	10595076	756	10595076:756	#FF8888
utig4-923	16	0	16:0	#AAAAAA
utig4-924	16	0	16:0	#AAAAAA
utig4-925	3681	0	3681:0	#FF8888
utig4-926	8428	0	8428:0	#FF8888
utig4-927	6691	0	6691:0	#FF8888
utig4-928	20472	0	20472:0	#FF8888
utig4-929	2262	0	2262:0	#FF8888
utig4-930	46995	0	46995:0	#FF8888
utig4-931	296	0	296:0	#FF8888
utig4-932	72	0	72:0	#AAAAAA
utig4-933	43959	0	43959:0	#FF8888
utig4-934	13559277	791	13559277:791	#FF8888
utig4-935	4519	0	4519:0	#FF8888
utig4-936	9229	0	9229:0	#FF8888
utig4-937	9229	0	9229:0	#FF8888
utig4-938	11628	0	11628:0	#FF8888
utig4-939	7137	0	7137:0	#FF8888
utig4-940	11628	0	11628:0	#FF8888
utig4-941	6914	0	6914:0	#FF8888
utig4-942	6938	0	6938:0	#FF8888
utig4-943	10502	0	10502:0	#FF8888
utig4-944	5887	0	5887:0	#FF8888
utig4-945	3570	0	3570:0	#FF8888
utig4-946	90	0	90:0	#AAAAAA
utig4-947	15935	0	15935:0	#FF8888
utig4-948	99	0	99:0	#AAAAAA
utig4-949	25849	0	25849:0	#FF8888
utig4-950	5575	0	5575:0	#FF8888
utig4-951	566	0	566:0	#FF8888
utig4-952	572	0	572:0	#FF8888
utig4-953	705	0	705:0	#FF8888
utig4-954	578	0	578:0	#FF8888
utig4-955	1068	0	1068:0	#FF8888
utig4-956	1068	0	1068:0	#FF8888
utig4-957	329	0	329:0	#FF8888
utig4-958	72	0	72:0	#AAAAAA
utig4-959	9009	0	9009:0	#FF8888
utig4-960	519	0	519:0	#FF8888
utig4-961	2208	0	2208:0	#FF8888
utig4-962	272	0	272:0	#FF8888
utig4-963	12711	0	12711:0	#FF8888
utig4-964	198	0	198:0	#FF8888
utig4-965	7243	0	7243:0	#FF8888
utig4-966	198	0	198:0	#FF8888
utig4-967	4661	0	4661:0	#FF8888
utig4-968	9337	0	9337:0	#FF8888
utig4-969	90	0	90:0	#AAAAAA
utig4-970	117	0	117:0	#FF8888
utig4-971	189	0	189:0	#FF8888
utig4-972	189	0	189:0	#FF8888
utig4-973	333	0	333:0	#FF8888
utig4-974	311020	28761674	311020:28761674	#8888FF
utig4-975	11938337	844	11938337:844	#FF8888
utig4-976	137	0	137:0	#FF8888
utig4-977	24	8	24:8	#AAAAAA
utig4-978	12	0	12:0	#AAAAAA
utig4-979	12	0	12:0	#AAAAAA
utig4-980	150800	6	150800:6	#FF8888
utig4-981	147861	0	147861:0	#FF8888
utig4-982	1043	0	1043:0	#FF8888
utig4-983	951	0	951:0	#FF8888
utig4-984	438	334932	438:334932	#8888FF
utig4-985	4	6	4:6	#AAAAAA
utig4-986	16	3	16:3	#AAAAAA
utig4-987	7802475	559	7802475:559	#FF8888
utig4-988	1476	8175	1476:8175	#FFFF00
utig4-989	278	2123	278:2123	#FFFF00
utig4-990	47	1460	47:1460	#8888FF
utig4-991	527	4031	527:4031	#FFFF00
utig4-992	45	1378	45:1378	#8888FF
utig4-993	1023	6313	1023:6313	#FFFF00
utig4-994	116513	5	116513:5	#FF8888
utig4-995	153	0	153:0	#FF8888
utig4-996	24	0	24:0	#AAAAAA
utig4-997	24	0	24:0	#AAAAAA
utig4-998	46	0	46:0	#AAAAAA
utig4-999	7003	0	7003:0	#FF8888
utig4-1000	2697	0	2697:0	#FF8888
utig4-1001	2694	0	2694:0	#FF8888
utig4-1002	126	0	126:0	#FF8888
utig4-1003	205	0	205:0	#FF8888
utig4-1004	198	0	198:0	#FF8888
utig4-1005	243	0	243:0	#FF8888
utig4-1006	4620	0	4620:0	#FF8888
utig4-1007	3625	0	3625:0	#FF8888
utig4-1008	5292	0	5292:0	#FF8888
utig4-1009	9580	0	9580:0	#FF8888
utig4-1010	8007	0	8007:0	#FF8888
utig4-1011	7028	0	7028:0	#FF8888
utig4-1012	4428	0	4428:0	#FF8888
utig4-1013	7403	0	7403:0	#FF8888
utig4-1014	12210	0	12210:0	#FF8888
utig4-1015	5811	0	5811:0	#FF8888
utig4-1016	6456	0	6456:0	#FF8888
utig4-1017	6463	0	6463:0	#FF8888
utig4-1018	5298	0	5298:0	#FF8888
utig4-1019	5292	0	5292:0	#FF8888
utig4-1020	153	0	153:0	#FF8888
utig4-1021	4426	0	4426:0	#FF8888
utig4-1022	3898	0	3898:0	#FF8888
utig4-1023	5226	0	5226:0	#FF8888
utig4-1024	9370	0	9370:0	#FF8888
utig4-1025	12601	0	12601:0	#FF8888
utig4-1026	9470	0	9470:0	#FF8888
utig4-1027	8363	0	8363:0	#FF8888
utig4-1028	2804	0	2804:0	#FF8888
utig4-1029	5479	0	5479:0	#FF8888
utig4-1030	5468	0	5468:0	#FF8888
utig4-1031	3391	0	3391:0	#FF8888
utig4-1032	162	0	162:0	#FF8888
utig4-1033	7629	0	7629:0	#FF8888
utig4-1034	7624	0	7624:0	#FF8888
utig4-1035	8424	0	8424:0	#FF8888
utig4-1036	7680	0	7680:0	#FF8888
utig4-1037	7217	0	7217:0	#FF8888
utig4-1038	3699	0	3699:0	#FF8888
utig4-1039	6451	0	6451:0	#FF8888
utig4-1040	5278	0	5278:0	#FF8888
utig4-1041	4633	0	4633:0	#FF8888
utig4-1042	6333	0	6333:0	#FF8888
utig4-1043	4922	0	4922:0	#FF8888
utig4-1044	6	0	6:0	#AAAAAA
utig4-1045	25	0	25:0	#AAAAAA
utig4-1046	0	0	0:0	#AAAAAA
utig4-1047	42	3326	42:3326	#8888FF
utig4-1048	0	0	0:0	#AAAAAA
utig4-1049	1	0	1:0	#AAAAAA
utig4-1050	33	0	33:0	#AAAAAA
utig4-1051	48	14	48:14	#AAAAAA
utig4-1052	8797	0	8797:0	#FF8888
utig4-1053	6497156	333	6497156:333	#FF8888
utig4-1054	52922	0	52922:0	#FF8888
utig4-1055	96	0	96:0	#AAAAAA
utig4-1056	4554	0	4554:0	#FF8888
utig4-1057	671	2865	671:2865	#FFFF00
utig4-1058	758	4613	758:4613	#FFFF00
utig4-1059	1245	7185	1245:7185	#FFFF00
utig4-1060	1026	5701	1026:5701	#FFFF00
utig4-1061	758	4613	758:4613	#FFFF00
utig4-1062	81	0	81:0	#AAAAAA
utig4-1063	749	4531	749:4531	#FFFF00
utig4-1064	361830	31621669	361830:31621669	#8888FF
utig4-1065	184	2374	184:2374	#8888FF
utig4-1066	1210	7604	1210:7604	#FFFF00
utig4-1067	631	3273	631:3273	#FFFF00
utig4-1068	1142	5940	1142:5940	#FFFF00
utig4-1069	131726	0	131726:0	#FF8888
utig4-1070	171	0	171:0	#FF8888
utig4-1071	225	0	225:0	#FF8888
utig4-1072	1848	0	1848:0	#FF8888
utig4-1073	63	0	63:0	#AAAAAA
utig4-1074	437	0	437:0	#FF8888
utig4-1075	99	0	99:0	#AAAAAA
utig4-1076	849	0	849:0	#FF8888
utig4-1077	351	0	351:0	#FF8888
utig4-1078	1089	0	1089:0	#FF8888
utig4-1079	360	0	360:0	#FF8888
utig4-1080	261	0	261:0	#FF8888
utig4-1081	261	0	261:0	#FF8888
utig4-1082	208	0	208:0	#FF8888
utig4-1083	2208	0	2208:0	#FF8888
utig4-1084	1702	0	1702:0	#FF8888
utig4-1085	234	0	234:0	#FF8888
utig4-1086	1040	0	1040:0	#FF8888
utig4-1087	135	0	135:0	#FF8888
utig4-1088	234	0	234:0	#FF8888
utig4-1089	162	0	162:0	#FF8888
utig4-1090	144	0	144:0	#FF8888
utig4-1091	161543	0	161543:0	#FF8888
utig4-1092	144	0	144:0	#FF8888
utig4-1093	153	0	153:0	#FF8888
utig4-1094	234	0	234:0	#FF8888
utig4-1095	117	0	117:0	#FF8888
utig4-1096	216	0	216:0	#FF8888
utig4-1097	90	0	90:0	#AAAAAA
utig4-1098	188297	0	188297:0	#FF8888
utig4-1099	198	0	198:0	#FF8888
utig4-1100	99	0	99:0	#AAAAAA
utig4-1101	153	0	153:0	#FF8888
utig4-1102	171	0	171:0	#FF8888
utig4-1103	306	0	306:0	#FF8888
utig4-1104	216	0	216:0	#FF8888
utig4-1105	135	0	135:0	#FF8888
utig4-1106	171	0	171:0	#FF8888
utig4-1107	90	0	90:0	#AAAAAA
utig4-1108	216	0	216:0	#FF8888
utig4-1109	279	0	279:0	#FF8888
utig4-1110	180	0	180:0	#FF8888
utig4-1111	90	0	90:0	#AAAAAA
utig4-1112	672	0	672:0	#FF8888
utig4-1113	504	0	504:0	#FF8888
utig4-1114	336	0	336:0	#FF8888
utig4-1115	399	0	399:0	#FF8888
utig4-1116	819	0	819:0	#FF8888
utig4-1117	420	0	420:0	#FF8888
utig4-1118	693	0	693:0	#FF8888
utig4-1119	630	0	630:0	#FF8888
utig4-1120	504	0	504:0	#FF8888
utig4-1121	651	0	651:0	#FF8888
utig4-1122	294	0	294:0	#FF8888
utig4-1123	146	0	146:0	#FF8888
utig4-1124	81	0	81:0	#AAAAAA
utig4-1125	63	0	63:0	#AAAAAA
utig4-1126	144	0	144:0	#FF8888
utig4-1127	162	0	162:0	#FF8888
utig4-1128	162	0	162:0	#FF8888
utig4-1129	837	0	837:0	#FF8888
utig4-1130	0	0	0:0	#AAAAAA
utig4-1131	0	0	0:0	#AAAAAA
utig4-1132	0	0	0:0	#AAAAAA
utig4-1133	0	0	0:0	#AAAAAA
utig4-1134	0	0	0:0	#AAAAAA
utig4-1135	162	0	162:0	#FF8888
utig4-1136	180	0	180:0	#FF8888
utig4-1137	162	0	162:0	#FF8888
utig4-1138	225	0	225:0	#FF8888
utig4-1139	28815	0	28815:0	#FF8888
utig4-1140	801	0	801:0	#FF8888
utig4-1141	2862	0	2862:0	#FF8888
utig4-1142	2117	0	2117:0	#FF8888
utig4-1143	2327	0	2327:0	#FF8888
utig4-1144	144	0	144:0	#FF8888
utig4-1145	0	0	0:0	#AAAAAA
utig4-1146	0	0	0:0	#AAAAAA
utig4-1147	22	0	22:0	#AAAAAA
utig4-1148	269	0	269:0	#FF8888
utig4-1149	320	0	320:0	#FF8888
utig4-1150	349	0	349:0	#FF8888
utig4-1151	63	0	63:0	#AAAAAA
utig4-1152	99	0	99:0	#AAAAAA
utig4-1153	63	0	63:0	#AAAAAA
utig4-1154	81	0	81:0	#AAAAAA
utig4-1155	80	0	80:0	#AAAAAA
utig4-1156	110	0	110:0	#FF8888
utig4-1157	0	0	0:0	#AAAAAA
utig4-1158	423	0	423:0	#FF8888
utig4-1159	81	0	81:0	#AAAAAA
utig4-1160	72	0	72:0	#AAAAAA
utig4-1161	81	0	81:0	#AAAAAA
utig4-1162	63	0	63:0	#AAAAAA
utig4-1163	90	0	90:0	#AAAAAA
utig4-1164	56	0	56:0	#AAAAAA
utig4-1165	36	0	36:0	#AAAAAA
utig4-1166	72	0	72:0	#AAAAAA
utig4-1167	5183	0	5183:0	#FF8888
utig4-1168	2574	0	2574:0	#FF8888
utig4-1169	3192	0	3192:0	#FF8888
utig4-1170	2771	0	2771:0	#FF8888
utig4-1171	785	0	785:0	#FF8888
utig4-1172	33281	0	33281:0	#FF8888
utig4-1173	320	0	320:0	#FF8888
utig4-1174	320	0	320:0	#FF8888
utig4-1175	63	0	63:0	#AAAAAA
utig4-1176	26052	0	26052:0	#FF8888
utig4-1177	222	0	222:0	#FF8888
utig4-1178	14850520	270	14850520:270	#FF8888
utig4-1179	1579883	158	1579883:158	#FF8888
utig4-1180	117	0	117:0	#FF8888
utig4-1181	101	0	101:0	#FF8888
utig4-1182	0	2937	0:2937	#8888FF
utig4-1183	0	350	0:350	#8888FF
utig4-1184	0	351	0:351	#8888FF
utig4-1185	0	134	0:134	#8888FF
utig4-1186	0	127	0:127	#8888FF
utig4-1187	54	0	54:0	#AAAAAA
utig4-1188	180	0	180:0	#FF8888
utig4-1189	90	0	90:0	#AAAAAA
utig4-1190	48	0	48:0	#AAAAAA
utig4-1191	8	0	8:0	#AAAAAA
utig4-1192	207	0	207:0	#FF8888
utig4-1193	2299	0	2299:0	#FF8888
utig4-1194	2204	0	2204:0	#FF8888
utig4-1195	6393	0	6393:0	#FF8888
utig4-1196	126342	1	126342:1	#FF8888
utig4-1197	57	0	57:0	#AAAAAA
utig4-1198	2639	0	2639:0	#FF8888
utig4-1199	458	0	458:0	#FF8888
utig4-1200	21725	0	21725:0	#FF8888
utig4-1201	1087	0	1087:0	#FF8888
utig4-1202	135	0	135:0	#FF8888
utig4-1203	90	0	90:0	#AAAAAA
utig4-1204	126	0	126:0	#FF8888
utig4-1205	135	0	135:0	#FF8888
utig4-1206	99	0	99:0	#AAAAAA
utig4-1207	63	0	63:0	#AAAAAA
utig4-1208	81	0	81:0	#AAAAAA
utig4-1209	70	0	70:0	#AAAAAA
utig4-1210	63	0	63:0	#AAAAAA
utig4-1211	2459	0	2459:0	#FF8888
utig4-1212	546	0	546:0	#FF8888
utig4-1213	58702	1	58702:1	#FF8888
utig4-1214	36865	0	36865:0	#FF8888
utig4-1215	7737	0	7737:0	#FF8888
utig4-1216	10392	0	10392:0	#FF8888
utig4-1217	90	0	90:0	#AAAAAA
utig4-1218	12499	0	12499:0	#FF8888
utig4-1219	54	0	54:0	#AAAAAA
utig4-1220	27	0	27:0	#AAAAAA
utig4-1221	137	0	137:0	#FF8888
utig4-1222	171	0	171:0	#FF8888
utig4-1223	164	0	164:0	#FF8888
utig4-1224	171	0	171:0	#FF8888
utig4-1225	164	0	164:0	#FF8888
utig4-1226	84	0	84:0	#AAAAAA
utig4-1227	2272	0	2272:0	#FF8888
utig4-1228	2210	0	2210:0	#FF8888
utig4-1229	12007	0	12007:0	#FF8888
utig4-1230	108	0	108:0	#FF8888
utig4-1231	0	0	0:0	#AAAAAA
utig4-1232	55	0	55:0	#AAAAAA
utig4-1233	63	0	63:0	#AAAAAA
utig4-1234	178	0	178:0	#FF8888
utig4-1235	231	0	231:0	#FF8888
utig4-1236	83	0	83:0	#AAAAAA
utig4-1237	121679	0	121679:0	#FF8888
utig4-1238	302	0	302:0	#FF8888
utig4-1239	103	0	103:0	#FF8888
utig4-1240	72	0	72:0	#AAAAAA
utig4-1241	9931392	792	9931392:792	#FF8888
utig4-1242	108	0	108:0	#FF8888
utig4-1243	117	0	117:0	#FF8888
utig4-1244	135	0	135:0	#FF8888
utig4-1245	270	0	270:0	#FF8888
utig4-1246	63	0	63:0	#AAAAAA
utig4-1247	0	0	0:0	#AAAAAA
utig4-1248	0	0	0:0	#AAAAAA
utig4-1249	0	0	0:0	#AAAAAA
utig4-1250	0	0	0:0	#AAAAAA
utig4-1251	0	0	0:0	#AAAAAA
utig4-1252	0	0	0:0	#AAAAAA
utig4-1253	0	0	0:0	#AAAAAA
utig4-1254	0	0	0:0	#AAAAAA
utig4-1255	5035	0	5035:0	#FF8888
utig4-1256	225	0	225:0	#FF8888
utig4-1257	27747	0	27747:0	#FF8888
utig4-1258	2501	0	2501:0	#FF8888
utig4-1259	104	0	104:0	#FF8888
utig4-1260	3720	0	3720:0	#FF8888
utig4-1261	394	0	394:0	#FF8888
utig4-1262	16721659	1144	16721659:1144	#FF8888
utig4-1263	14979462	908	14979462:908	#FF8888
utig4-1264	117	0	117:0	#FF8888
utig4-1265	72	0	72:0	#AAAAAA
utig4-1266	3456	0	3456:0	#FF8888
utig4-1267	14925	0	14925:0	#FF8888
utig4-1268	147266	0	147266:0	#FF8888
utig4-1269	6901	0	6901:0	#FF8888
utig4-1270	6879	0	6879:0	#FF8888
utig4-1271	338	0	338:0	#FF8888
utig4-1272	3929	0	3929:0	#FF8888
utig4-1273	99	0	99:0	#AAAAAA
utig4-1274	153	0	153:0	#FF8888
utig4-1275	81	0	81:0	#AAAAAA
utig4-1276	72	0	72:0	#AAAAAA
utig4-1277	41	0	41:0	#AAAAAA
utig4-1278	63	0	63:0	#AAAAAA
utig4-1279	81	0	81:0	#AAAAAA
utig4-1280	368	0	368:0	#FF8888
utig4-1281	117	0	117:0	#FF8888
utig4-1282	54	0	54:0	#AAAAAA
utig4-1283	81	0	81:0	#AAAAAA
utig4-1284	168	0	168:0	#FF8888
utig4-1285	252	0	252:0	#FF8888
utig4-1286	108	0	108:0	#FF8888
utig4-1287	126	0	126:0	#FF8888
utig4-1288	81	0	81:0	#AAAAAA
utig4-1289	54	0	54:0	#AAAAAA
utig4-1290	117	0	117:0	#FF8888
utig4-1291	132	0	132:0	#FF8888
utig4-1292	207	0	207:0	#FF8888
utig4-1293	201	0	201:0	#FF8888
utig4-1294	126	0	126:0	#FF8888
utig4-1295	216	0	216:0	#FF8888
utig4-1296	153	0	153:0	#FF8888
utig4-1297	99	0	99:0	#AAAAAA
utig4-1298	0	0	0:0	#AAAAAA
utig4-1299	35575	0	35575:0	#FF8888
utig4-1300	394	0	394:0	#FF8888
utig4-1301	396	0	396:0	#FF8888
utig4-1302	4821	0	4821:0	#FF8888
utig4-1303	87504	0	87504:0	#FF8888
utig4-1304	162	0	162:0	#FF8888
utig4-1305	81	0	81:0	#AAAAAA
utig4-1306	105	0	105:0	#FF8888
utig4-1307	2540	0	2540:0	#FF8888
utig4-1308	99	0	99:0	#AAAAAA
utig4-1309	179918	9	179918:9	#FF8888
utig4-1310	306	0	306:0	#FF8888
utig4-1311	76263	0	76263:0	#FF8888
utig4-1312	19917	0	19917:0	#FF8888
utig4-1313	126	0	126:0	#FF8888
utig4-1314	124399	0	124399:0	#FF8888
utig4-1315	15	0	15:0	#AAAAAA
utig4-1316	108	0	108:0	#FF8888
utig4-1317	147	0	147:0	#FF8888
utig4-1318	189	0	189:0	#FF8888
utig4-1319	180	0	180:0	#FF8888
utig4-1320	234	0	234:0	#FF8888
utig4-1321	284	0	284:0	#FF8888
utig4-1322	117	0	117:0	#FF8888
utig4-1323	117	0	117:0	#FF8888
utig4-1324	137	0	137:0	#FF8888
utig4-1325	198	0	198:0	#FF8888
utig4-1326	225	0	225:0	#FF8888
utig4-1327	126	0	126:0	#FF8888
utig4-1328	162	0	162:0	#FF8888
utig4-1329	144	0	144:0	#FF8888
utig4-1330	153	0	153:0	#FF8888
utig4-1331	153	0	153:0	#FF8888
utig4-1332	108	0	108:0	#FF8888
utig4-1333	117	0	117:0	#FF8888
utig4-1334	189	0	189:0	#FF8888
utig4-1335	117	0	117:0	#FF8888
utig4-1336	176	0	176:0	#FF8888
utig4-1337	180	0	180:0	#FF8888
utig4-1338	189	0	189:0	#FF8888
utig4-1339	243	0	243:0	#FF8888
utig4-1340	270	0	270:0	#FF8888
utig4-1341	225	0	225:0	#FF8888
utig4-1342	288	0	288:0	#FF8888
utig4-1343	279	0	279:0	#FF8888
utig4-1344	225	0	225:0	#FF8888
utig4-1345	234	0	234:0	#FF8888
utig4-1346	324	0	324:0	#FF8888
utig4-1347	243	0	243:0	#FF8888
utig4-1348	261	0	261:0	#FF8888
utig4-1349	252	0	252:0	#FF8888
utig4-1350	216	0	216:0	#FF8888
utig4-1351	162	0	162:0	#FF8888
utig4-1352	135	0	135:0	#FF8888
utig4-1353	225	0	225:0	#FF8888
utig4-1354	162	0	162:0	#FF8888
utig4-1355	225	0	225:0	#FF8888
utig4-1356	216	0	216:0	#FF8888
utig4-1357	153	0	153:0	#FF8888
utig4-1358	345	0	345:0	#FF8888
utig4-1359	108	0	108:0	#FF8888
utig4-1360	162	0	162:0	#FF8888
utig4-1361	126	0	126:0	#FF8888
utig4-1362	162	0	162:0	#FF8888
utig4-1363	288	0	288:0	#FF8888
utig4-1364	166	0	166:0	#FF8888
utig4-1365	153	0	153:0	#FF8888
utig4-1366	543	0	543:0	#FF8888
utig4-1367	234	0	234:0	#FF8888
utig4-1368	158	0	158:0	#FF8888
utig4-1369	261	0	261:0	#FF8888
utig4-1370	252	0	252:0	#FF8888
utig4-1371	270	0	270:0	#FF8888
utig4-1372	279	0	279:0	#FF8888
utig4-1373	225	0	225:0	#FF8888
utig4-1374	189	0	189:0	#FF8888
utig4-1375	342	0	342:0	#FF8888
utig4-1376	243	0	243:0	#FF8888
utig4-1377	189	0	189:0	#FF8888
utig4-1378	180	0	180:0	#FF8888
utig4-1379	207	0	207:0	#FF8888
utig4-1380	198	0	198:0	#FF8888
utig4-1381	225	0	225:0	#FF8888
utig4-1382	216	0	216:0	#FF8888
utig4-1383	180	0	180:0	#FF8888
utig4-1384	207	0	207:0	#FF8888
utig4-1385	33636	0	33636:0	#FF8888
utig4-1386	299	0	299:0	#FF8888
utig4-1387	299	0	299:0	#FF8888
utig4-1388	717	0	717:0	#FF8888
utig4-1389	252	0	252:0	#FF8888
utig4-1390	135	0	135:0	#FF8888
utig4-1391	171	0	171:0	#FF8888
utig4-1392	180	0	180:0	#FF8888
utig4-1393	204	0	204:0	#FF8888
utig4-1394	162	0	162:0	#FF8888
utig4-1395	243	0	243:0	#FF8888
utig4-1396	210	0	210:0	#FF8888
utig4-1397	270	0	270:0	#FF8888
utig4-1398	225	0	225:0	#FF8888
utig4-1399	306	0	306:0	#FF8888
utig4-1400	171	0	171:0	#FF8888
utig4-1401	180	0	180:0	#FF8888
utig4-1402	198	0	198:0	#FF8888
utig4-1403	243	0	243:0	#FF8888
utig4-1404	230	0	230:0	#FF8888
utig4-1405	226	0	226:0	#FF8888
utig4-1406	171	0	171:0	#FF8888
utig4-1407	126	0	126:0	#FF8888
utig4-1408	245	0	245:0	#FF8888
utig4-1409	134	0	134:0	#FF8888
utig4-1410	198	0	198:0	#FF8888
utig4-1411	261	0	261:0	#FF8888
utig4-1412	189	0	189:0	#FF8888
utig4-1413	81	0	81:0	#AAAAAA
utig4-1414	99	0	99:0	#AAAAAA
utig4-1415	180	0	180:0	#FF8888
utig4-1416	117	0	117:0	#FF8888
utig4-1417	81	0	81:0	#AAAAAA
utig4-1418	85	0	85:0	#AAAAAA
utig4-1419	117	0	117:0	#FF8888
utig4-1420	108	0	108:0	#FF8888
utig4-1421	135	0	135:0	#FF8888
utig4-1422	126	0	126:0	#FF8888
utig4-1423	99	0	99:0	#AAAAAA
utig4-1424	453	0	453:0	#FF8888
utig4-1425	470	0	470:0	#FF8888
utig4-1426	560	0	560:0	#FF8888
utig4-1427	108	0	108:0	#FF8888
utig4-1428	72	0	72:0	#AAAAAA
utig4-1429	171	0	171:0	#FF8888
utig4-1430	225	0	225:0	#FF8888
utig4-1431	126	0	126:0	#FF8888
utig4-1432	3269	0	3269:0	#FF8888
utig4-1433	324	0	324:0	#FF8888
utig4-1434	108	0	108:0	#FF8888
utig4-1435	2572	0	2572:0	#FF8888
utig4-1436	189	0	189:0	#FF8888
utig4-1437	13313	0	13313:0	#FF8888
utig4-1438	5	0	5:0	#AAAAAA
utig4-1439	372	0	372:0	#FF8888
utig4-1440	306	0	306:0	#FF8888
utig4-1441	10621226	817	10621226:817	#FF8888
utig4-1442	245149	7	245149:7	#FF8888
utig4-1443	443	0	443:0	#FF8888
utig4-1444	567	0	567:0	#FF8888
utig4-1445	1289	0	1289:0	#FF8888
utig4-1446	651	0	651:0	#FF8888
utig4-1447	1148	0	1148:0	#FF8888
utig4-1448	1895	0	1895:0	#FF8888
utig4-1449	135	0	135:0	#FF8888
utig4-1450	24	0	24:0	#AAAAAA
utig4-1451	171	0	171:0	#FF8888
utig4-1452	207	0	207:0	#FF8888
utig4-1453	180	0	180:0	#FF8888
utig4-1454	214	0	214:0	#FF8888
utig4-1455	27	0	27:0	#AAAAAA
utig4-1456	23	0	23:0	#AAAAAA
utig4-1457	24	0	24:0	#AAAAAA
utig4-1458	57	13	57:13	#AAAAAA
utig4-1459	50	9	50:9	#AAAAAA
utig4-1460	5	8	5:8	#AAAAAA
utig4-1461	15	0	15:0	#AAAAAA
utig4-1462	47	0	47:0	#AAAAAA
utig4-1463	47	0	47:0	#AAAAAA
utig4-1464	198	0	198:0	#FF8888
utig4-1465	252	0	252:0	#FF8888
utig4-1466	6912136	486	6912136:486	#FF8888
utig4-1467	126	0	126:0	#FF8888
utig4-1468	3409	0	3409:0	#FF8888
utig4-1469	7878378	499	7878378:499	#FF8888
utig4-1470	70364	1	70364:1	#FF8888
utig4-1471	327	1	327:1	#FF8888
utig4-1472	327	1	327:1	#FF8888
utig4-1473	144	0	144:0	#FF8888
utig4-1474	135	0	135:0	#FF8888
utig4-1475	52	27575	52:27575	#8888FF
utig4-1476	125924	10821195	125924:10821195	#8888FF
utig4-1477	306	0	306:0	#FF8888
utig4-1478	0	0	0:0	#AAAAAA
utig4-1479	0	2	0:2	#AAAAAA
utig4-1480	125703	9500778	125703:9500778	#8888FF
utig4-1481	0	2	0:2	#AAAAAA
utig4-1482	1447	234063	1447:234063	#8888FF
utig4-1483	0	0	0:0	#AAAAAA
utig4-1484	1	384	1:384	#8888FF
utig4-1485	7	384	7:384	#8888FF
utig4-1486	408	0	408:0	#FF8888
utig4-1487	32363	991514	32363:991514	#8888FF
utig4-1488	48	0	48:0	#AAAAAA
utig4-1489	125	0	125:0	#FF8888
utig4-1490	590	0	590:0	#FF8888
utig4-1491	1609	0	1609:0	#FF8888
utig4-1492	27	0	27:0	#AAAAAA
utig4-1493	63	0	63:0	#AAAAAA
utig4-1494	62	0	62:0	#AAAAAA
utig4-1495	84	0	84:0	#AAAAAA
utig4-1496	45	0	45:0	#AAAAAA
utig4-1497	27	0	27:0	#AAAAAA
utig4-1498	45	0	45:0	#AAAAAA
utig4-1499	36	0	36:0	#AAAAAA
utig4-1500	27	0	27:0	#AAAAAA
utig4-1501	99	0	99:0	#AAAAAA
utig4-1502	45	0	45:0	#AAAAAA
utig4-1503	45	0	45:0	#AAAAAA
utig4-1504	6	1964	6:1964	#8888FF
utig4-1505	1	1013	1:1013	#8888FF
utig4-1506	484	27115	484:27115	#8888FF
utig4-1507	2930	97829	2930:97829	#8888FF
utig4-1508	0	4856	0:4856	#8888FF
utig4-1509	54	0	54:0	#AAAAAA
utig4-1510	79466	0	79466:0	#FF8888
utig4-1511	81	0	81:0	#AAAAAA
utig4-1512	76	0	76:0	#AAAAAA
utig4-1513	63	0	63:0	#AAAAAA
utig4-1514	81	0	81:0	#AAAAAA
utig4-1515	36	0	36:0	#AAAAAA
utig4-1516	90	0	90:0	#AAAAAA
utig4-1517	45	0	45:0	#AAAAAA
utig4-1518	54	0	54:0	#AAAAAA
utig4-1519	45	0	45:0	#AAAAAA
utig4-1520	36	0	36:0	#AAAAAA
utig4-1521	108	0	108:0	#FF8888
utig4-1522	54	0	54:0	#AAAAAA
utig4-1523	46	0	46:0	#AAAAAA
utig4-1524	65	0	65:0	#AAAAAA
utig4-1525	54	0	54:0	#AAAAAA
utig4-1526	36	0	36:0	#AAAAAA
utig4-1527	63	0	63:0	#AAAAAA
utig4-1528	36	0	36:0	#AAAAAA
utig4-1529	99	0	99:0	#AAAAAA
utig4-1530	117	0	117:0	#FF8888
utig4-1531	36	0	36:0	#AAAAAA
utig4-1532	4438	0	4438:0	#FF8888
utig4-1533	4084	0	4084:0	#FF8888
utig4-1534	4126	0	4126:0	#FF8888
utig4-1535	108	0	108:0	#FF8888
utig4-1536	259	0	259:0	#FF8888
utig4-1537	108	0	108:0	#FF8888
utig4-1538	72	0	72:0	#AAAAAA
utig4-1539	126	0	126:0	#FF8888
utig4-1540	65	0	65:0	#AAAAAA
utig4-1541	63	0	63:0	#AAAAAA
utig4-1542	36	0	36:0	#AAAAAA
utig4-1543	54	0	54:0	#AAAAAA
utig4-1544	155	0	155:0	#FF8888
utig4-1545	77	0	77:0	#AAAAAA
utig4-1546	144	0	144:0	#FF8888
utig4-1547	63	0	63:0	#AAAAAA
utig4-1548	84	0	84:0	#AAAAAA
utig4-1549	63	0	63:0	#AAAAAA
utig4-1550	54	0	54:0	#AAAAAA
utig4-1551	45	0	45:0	#AAAAAA
utig4-1552	207	0	207:0	#FF8888
utig4-1553	216	0	216:0	#FF8888
utig4-1554	90	0	90:0	#AAAAAA
utig4-1555	63	0	63:0	#AAAAAA
utig4-1556	45	0	45:0	#AAAAAA
utig4-1557	70	0	70:0	#AAAAAA
utig4-1558	382	7834	382:7834	#8888FF
utig4-1559	36	0	36:0	#AAAAAA
utig4-1560	78	0	78:0	#AAAAAA
utig4-1561	93	0	93:0	#AAAAAA
utig4-1562	132	0	132:0	#FF8888
utig4-1563	90	0	90:0	#AAAAAA
utig4-1564	153	0	153:0	#FF8888
utig4-1565	153	0	153:0	#FF8888
utig4-1566	144	0	144:0	#FF8888
utig4-1567	45	0	45:0	#AAAAAA
utig4-1568	54	0	54:0	#AAAAAA
utig4-1569	47	0	47:0	#AAAAAA
utig4-1570	93	0	93:0	#AAAAAA
utig4-1571	81	0	81:0	#AAAAAA
utig4-1572	24	0	24:0	#AAAAAA
utig4-1573	135	0	135:0	#FF8888
utig4-1574	45	0	45:0	#AAAAAA
utig4-1575	105	0	105:0	#FF8888
utig4-1576	135	0	135:0	#FF8888
utig4-1577	108	0	108:0	#FF8888
utig4-1578	36	0	36:0	#AAAAAA
utig4-1579	81	0	81:0	#AAAAAA
utig4-1580	99	0	99:0	#AAAAAA
utig4-1581	755	0	755:0	#FF8888
utig4-1582	1190	0	1190:0	#FF8888
utig4-1583	1105	0	1105:0	#FF8888
utig4-1584	90	0	90:0	#AAAAAA
utig4-1585	6157	0	6157:0	#FF8888
utig4-1586	1943	0	1943:0	#FF8888
utig4-1587	2044	0	2044:0	#FF8888
utig4-1588	695	0	695:0	#FF8888
utig4-1589	858	0	858:0	#FF8888
utig4-1590	162	0	162:0	#FF8888
utig4-1591	221	0	221:0	#FF8888
utig4-1592	54	0	54:0	#AAAAAA
utig4-1593	1	384	1:384	#8888FF
utig4-1594	1	1399	1:1399	#8888FF
utig4-1595	609	261832	609:261832	#8888FF
utig4-1596	1	384	1:384	#8888FF
utig4-1597	45	0	45:0	#AAAAAA
utig4-1598	189	0	189:0	#FF8888
utig4-1599	102	0	102:0	#FF8888
utig4-1600	506	0	506:0	#FF8888
utig4-1601	506	0	506:0	#FF8888
utig4-1602	63	0	63:0	#AAAAAA
utig4-1603	54	0	54:0	#AAAAAA
utig4-1604	108	0	108:0	#FF8888
utig4-1605	99	0	99:0	#AAAAAA
utig4-1606	225	0	225:0	#FF8888
utig4-1607	63	0	63:0	#AAAAAA
utig4-1608	99	0	99:0	#AAAAAA
utig4-1609	176	0	176:0	#FF8888
utig4-1610	307	0	307:0	#FF8888
utig4-1611	54	0	54:0	#AAAAAA
utig4-1612	72	0	72:0	#AAAAAA
utig4-1613	45	0	45:0	#AAAAAA
utig4-1614	232	0	232:0	#FF8888
utig4-1615	290	0	290:0	#FF8888
utig4-1616	145	0	145:0	#FF8888
utig4-1617	92	0	92:0	#AAAAAA
utig4-1618	126	0	126:0	#FF8888
utig4-1619	63	0	63:0	#AAAAAA
utig4-1620	99	0	99:0	#AAAAAA
utig4-1621	45	0	45:0	#AAAAAA
utig4-1622	45	0	45:0	#AAAAAA
utig4-1623	81	0	81:0	#AAAAAA
utig4-1624	63	0	63:0	#AAAAAA
utig4-1625	54	0	54:0	#AAAAAA
utig4-1626	72	0	72:0	#AAAAAA
utig4-1627	54	0	54:0	#AAAAAA
utig4-1628	54	0	54:0	#AAAAAA
utig4-1629	189	0	189:0	#FF8888
utig4-1630	798	0	798:0	#FF8888
utig4-1631	36	0	36:0	#AAAAAA
utig4-1632	117	0	117:0	#FF8888
utig4-1633	45	0	45:0	#AAAAAA
utig4-1634	144	0	144:0	#FF8888
utig4-1635	54	0	54:0	#AAAAAA
utig4-1636	72	0	72:0	#AAAAAA
utig4-1637	0	550	0:550	#8888FF
utig4-1638	38	0	38:0	#AAAAAA
utig4-1639	49	0	49:0	#AAAAAA
utig4-1640	63	0	63:0	#AAAAAA
utig4-1641	53	0	53:0	#AAAAAA
utig4-1642	54	0	54:0	#AAAAAA
utig4-1643	54	0	54:0	#AAAAAA
utig4-1644	45	0	45:0	#AAAAAA
utig4-1645	45	0	45:0	#AAAAAA
utig4-1646	54	0	54:0	#AAAAAA
utig4-1647	126	0	126:0	#FF8888
utig4-1648	72	0	72:0	#AAAAAA
utig4-1649	63	0	63:0	#AAAAAA
utig4-1650	145	0	145:0	#FF8888
utig4-1651	174	0	174:0	#FF8888
utig4-1652	154	0	154:0	#FF8888
utig4-1653	180	0	180:0	#FF8888
utig4-1654	231	0	231:0	#FF8888
utig4-1655	315	0	315:0	#FF8888
utig4-1656	63	0	63:0	#AAAAAA
utig4-1657	17391	0	17391:0	#FF8888
utig4-1658	7016	0	7016:0	#FF8888
utig4-1659	63	0	63:0	#AAAAAA
utig4-1660	63	0	63:0	#AAAAAA
utig4-1661	99	0	99:0	#AAAAAA
utig4-1662	63	0	63:0	#AAAAAA
utig4-1663	45	0	45:0	#AAAAAA
utig4-1664	36	0	36:0	#AAAAAA
utig4-1665	50	0	50:0	#AAAAAA
utig4-1666	63	0	63:0	#AAAAAA
utig4-1667	32	0	32:0	#AAAAAA
utig4-1668	0	4290	0:4290	#8888FF
utig4-1669	0	8595	0:8595	#8888FF
utig4-1670	72	0	72:0	#AAAAAA
utig4-1671	54	0	54:0	#AAAAAA
utig4-1672	63	0	63:0	#AAAAAA
utig4-1673	50	0	50:0	#AAAAAA
utig4-1674	44409	0	44409:0	#FF8888
utig4-1675	167	0	167:0	#FF8888
utig4-1676	21446	0	21446:0	#FF8888
utig4-1677	134	0	134:0	#FF8888
utig4-1678	117	0	117:0	#FF8888
utig4-1679	143	0	143:0	#FF8888
utig4-1680	108	0	108:0	#FF8888
utig4-1681	99	0	99:0	#AAAAAA
utig4-1682	108	0	108:0	#FF8888
utig4-1683	126	0	126:0	#FF8888
utig4-1684	99	0	99:0	#AAAAAA
utig4-1685	144	0	144:0	#FF8888
utig4-1686	306	0	306:0	#FF8888
utig4-1687	198	0	198:0	#FF8888
utig4-1688	180	0	180:0	#FF8888
utig4-1689	27	0	27:0	#AAAAAA
utig4-1690	81	0	81:0	#AAAAAA
utig4-1691	54	0	54:0	#AAAAAA
utig4-1692	81	0	81:0	#AAAAAA
utig4-1693	63	0	63:0	#AAAAAA
utig4-1694	54	0	54:0	#AAAAAA
utig4-1695	41	0	41:0	#AAAAAA
utig4-1696	126	0	126:0	#FF8888
utig4-1697	117	0	117:0	#FF8888
utig4-1698	209	0	209:0	#FF8888
utig4-1699	54	0	54:0	#AAAAAA
utig4-1700	81	0	81:0	#AAAAAA
utig4-1701	45	0	45:0	#AAAAAA
utig4-1702	54	0	54:0	#AAAAAA
utig4-1703	72	0	72:0	#AAAAAA
utig4-1704	202	0	202:0	#FF8888
utig4-1705	99	0	99:0	#AAAAAA
utig4-1706	753	0	753:0	#FF8888
utig4-1707	72	0	72:0	#AAAAAA
utig4-1708	90	0	90:0	#AAAAAA
utig4-1709	72	0	72:0	#AAAAAA
utig4-1710	99	0	99:0	#AAAAAA
utig4-1711	54	0	54:0	#AAAAAA
utig4-1712	54	0	54:0	#AAAAAA
utig4-1713	63	0	63:0	#AAAAAA
utig4-1714	9	0	9:0	#AAAAAA
utig4-1715	137	0	137:0	#FF8888
utig4-1716	36	0	36:0	#AAAAAA
utig4-1717	96	0	96:0	#AAAAAA
utig4-1718	141	0	141:0	#FF8888
utig4-1719	54	0	54:0	#AAAAAA
utig4-1720	72	0	72:0	#AAAAAA
utig4-1721	54	0	54:0	#AAAAAA
utig4-1722	45	0	45:0	#AAAAAA
utig4-1723	90	0	90:0	#AAAAAA
utig4-1724	180	0	180:0	#FF8888
utig4-1725	108	0	108:0	#FF8888
utig4-1726	81	0	81:0	#AAAAAA
utig4-1727	135	0	135:0	#FF8888
utig4-1728	63	0	63:0	#AAAAAA
utig4-1729	90	0	90:0	#AAAAAA
utig4-1730	81	0	81:0	#AAAAAA
utig4-1731	99	0	99:0	#AAAAAA
utig4-1732	122186	0	122186:0	#FF8888
utig4-1733	320	0	320:0	#FF8888
utig4-1734	8861	0	8861:0	#FF8888
utig4-1735	163	0	163:0	#FF8888
utig4-1736	45	0	45:0	#AAAAAA
utig4-1737	144	0	144:0	#FF8888
utig4-1738	135	0	135:0	#FF8888
utig4-1739	93	0	93:0	#AAAAAA
utig4-1740	183	0	183:0	#FF8888
utig4-1741	153	0	153:0	#FF8888
utig4-1742	240	0	240:0	#FF8888
utig4-1743	162	0	162:0	#FF8888
utig4-1744	67	0	67:0	#AAAAAA
utig4-1745	90	0	90:0	#AAAAAA
utig4-1746	153	0	153:0	#FF8888
utig4-1747	153	0	153:0	#FF8888
utig4-1748	126	0	126:0	#FF8888
utig4-1749	81	0	81:0	#AAAAAA
utig4-1750	104	0	104:0	#FF8888
utig4-1751	149	0	149:0	#FF8888
utig4-1752	72	0	72:0	#AAAAAA
utig4-1753	117	0	117:0	#FF8888
utig4-1754	72	0	72:0	#AAAAAA
utig4-1755	72	0	72:0	#AAAAAA
utig4-1756	99	0	99:0	#AAAAAA
utig4-1757	90	0	90:0	#AAAAAA
utig4-1758	979	0	979:0	#FF8888
utig4-1759	99	0	99:0	#AAAAAA
utig4-1760	99486	0	99486:0	#FF8888
utig4-1761	63	0	63:0	#AAAAAA
utig4-1762	177	0	177:0	#FF8888
utig4-1763	112	0	112:0	#FF8888
utig4-1764	81	0	81:0	#AAAAAA
utig4-1765	108	0	108:0	#FF8888
utig4-1766	368	0	368:0	#FF8888
utig4-1767	81	0	81:0	#AAAAAA
utig4-1768	108	0	108:0	#FF8888
utig4-1769	81	0	81:0	#AAAAAA
utig4-1770	117	0	117:0	#FF8888
utig4-1771	90	0	90:0	#AAAAAA
utig4-1772	90	0	90:0	#AAAAAA
utig4-1773	108	0	108:0	#FF8888
utig4-1774	180	0	180:0	#FF8888
utig4-1775	130	0	130:0	#FF8888
utig4-1776	152	0	152:0	#FF8888
utig4-1777	210	0	210:0	#FF8888
utig4-1778	139	0	139:0	#FF8888
utig4-1779	261	0	261:0	#FF8888
utig4-1780	319	0	319:0	#FF8888
utig4-1781	319	0	319:0	#FF8888
utig4-1782	108	0	108:0	#FF8888
utig4-1783	360	0	360:0	#FF8888
utig4-1784	659	0	659:0	#FF8888
utig4-1785	61	0	61:0	#AAAAAA
utig4-1786	81	0	81:0	#AAAAAA
utig4-1787	81	0	81:0	#AAAAAA
utig4-1788	386	0	386:0	#FF8888
utig4-1789	90	0	90:0	#AAAAAA
utig4-1790	99	0	99:0	#AAAAAA
utig4-1791	198	0	198:0	#FF8888
utig4-1792	72	0	72:0	#AAAAAA
utig4-1793	162	0	162:0	#FF8888
utig4-1794	90	0	90:0	#AAAAAA
utig4-1795	81	0	81:0	#AAAAAA
utig4-1796	257	0	257:0	#FF8888
utig4-1797	117	0	117:0	#FF8888
utig4-1798	144	0	144:0	#FF8888
utig4-1799	90	0	90:0	#AAAAAA
utig4-1800	117	0	117:0	#FF8888
utig4-1801	14283149	950	14283149:950	#FF8888
utig4-1802	72	0	72:0	#AAAAAA
utig4-1803	108	0	108:0	#FF8888
utig4-1804	90	0	90:0	#AAAAAA
utig4-1805	315	0	315:0	#FF8888
utig4-1806	243	0	243:0	#FF8888
utig4-1807	90	0	90:0	#AAAAAA
utig4-1808	90	0	90:0	#AAAAAA
utig4-1809	81	0	81:0	#AAAAAA
utig4-1810	108	0	108:0	#FF8888
utig4-1811	81	0	81:0	#AAAAAA
utig4-1812	54	0	54:0	#AAAAAA
utig4-1813	248	0	248:0	#FF8888
utig4-1814	54	0	54:0	#AAAAAA
utig4-1815	90	0	90:0	#AAAAAA
utig4-1816	74	0	74:0	#AAAAAA
utig4-1817	135	0	135:0	#FF8888
utig4-1818	225	0	225:0	#FF8888
utig4-1819	225	0	225:0	#FF8888
utig4-1820	252	0	252:0	#FF8888
utig4-1821	252	0	252:0	#FF8888
utig4-1822	270	0	270:0	#FF8888
utig4-1823	225	0	225:0	#FF8888
utig4-1824	270	0	270:0	#FF8888
utig4-1825	261	0	261:0	#FF8888
utig4-1826	261	0	261:0	#FF8888
utig4-1827	180	0	180:0	#FF8888
utig4-1828	216	0	216:0	#FF8888
utig4-1829	180	0	180:0	#FF8888
utig4-1830	135	0	135:0	#FF8888
utig4-1831	117	0	117:0	#FF8888
utig4-1832	117	0	117:0	#FF8888
utig4-1833	72	0	72:0	#AAAAAA
utig4-1834	171	0	171:0	#FF8888
utig4-1835	108	0	108:0	#FF8888
utig4-1836	171	0	171:0	#FF8888
utig4-1837	72	0	72:0	#AAAAAA
utig4-1838	90	0	90:0	#AAAAAA
utig4-1839	63	0	63:0	#AAAAAA
utig4-1840	198	0	198:0	#FF8888
utig4-1841	81	0	81:0	#AAAAAA
utig4-1842	81	0	81:0	#AAAAAA
utig4-1843	47	0	47:0	#AAAAAA
utig4-1844	45	0	45:0	#AAAAAA
utig4-1845	50	0	50:0	#AAAAAA
utig4-1846	69121	0	69121:0	#FF8888
utig4-1847	11792957	903	11792957:903	#FF8888
utig4-1848	81	0	81:0	#AAAAAA
utig4-1849	60	0	60:0	#AAAAAA
utig4-1850	131	0	131:0	#FF8888
utig4-1851	99	0	99:0	#AAAAAA
utig4-1852	135	0	135:0	#FF8888
utig4-1853	72	0	72:0	#AAAAAA
utig4-1854	81	0	81:0	#AAAAAA
utig4-1855	81	0	81:0	#AAAAAA
utig4-1856	128859	0	128859:0	#FF8888
utig4-1857	590	0	590:0	#FF8888
utig4-1858	146	0	146:0	#FF8888
utig4-1859	117	0	117:0	#FF8888
utig4-1860	108	0	108:0	#FF8888
utig4-1861	115	0	115:0	#FF8888
utig4-1862	99	0	99:0	#AAAAAA
utig4-1863	207	0	207:0	#FF8888
utig4-1864	95	0	95:0	#AAAAAA
utig4-1865	243	0	243:0	#FF8888
utig4-1866	2	1024	2:1024	#8888FF
utig4-1867	623	0	623:0	#FF8888
utig4-1868	623	0	623:0	#FF8888
utig4-1869	108	0	108:0	#FF8888
utig4-1870	0	0	0:0	#AAAAAA
utig4-1871	119	0	119:0	#FF8888
utig4-1872	99	0	99:0	#AAAAAA
utig4-1873	63	0	63:0	#AAAAAA
utig4-1874	126	0	126:0	#FF8888
utig4-1875	99	0	99:0	#AAAAAA
utig4-1876	126	0	126:0	#FF8888
utig4-1877	144	0	144:0	#FF8888
utig4-1878	162	0	162:0	#FF8888
utig4-1879	162	0	162:0	#FF8888
utig4-1880	144	0	144:0	#FF8888
utig4-1881	117	0	117:0	#FF8888
utig4-1882	72	0	72:0	#AAAAAA
utig4-1883	99	0	99:0	#AAAAAA
utig4-1884	423	0	423:0	#FF8888
utig4-1885	99	0	99:0	#AAAAAA
utig4-1886	257	0	257:0	#FF8888
utig4-1887	100	0	100:0	#AAAAAA
utig4-1888	117	0	117:0	#FF8888
utig4-1889	198	0	198:0	#FF8888
utig4-1890	180	0	180:0	#FF8888
utig4-1891	81	0	81:0	#AAAAAA
utig4-1892	117	0	117:0	#FF8888
utig4-1893	90	0	90:0	#AAAAAA
utig4-1894	117	0	117:0	#FF8888
utig4-1895	108	0	108:0	#FF8888
utig4-1896	29908	0	29908:0	#FF8888
utig4-1897	37834	0	37834:0	#FF8888
utig4-1898	161	0	161:0	#FF8888
utig4-1899	12633	0	12633:0	#FF8888
utig4-1900	81	0	81:0	#AAAAAA
utig4-1901	117	0	117:0	#FF8888
utig4-1902	234	0	234:0	#FF8888
utig4-1903	239	0	239:0	#FF8888
utig4-1904	235	0	235:0	#FF8888
utig4-1905	242	0	242:0	#FF8888
utig4-1906	252	0	252:0	#FF8888
utig4-1907	261	0	261:0	#FF8888
utig4-1908	234	0	234:0	#FF8888
utig4-1909	234	0	234:0	#FF8888
utig4-1910	234	0	234:0	#FF8888
utig4-1911	302	0	302:0	#FF8888
utig4-1912	268	0	268:0	#FF8888
utig4-1913	252	0	252:0	#FF8888
utig4-1914	303	0	303:0	#FF8888
utig4-1915	363	0	363:0	#FF8888
utig4-1916	243	0	243:0	#FF8888
utig4-1917	234	0	234:0	#FF8888
utig4-1918	126	0	126:0	#FF8888
utig4-1919	252	0	252:0	#FF8888
utig4-1920	225	0	225:0	#FF8888
utig4-1921	234	0	234:0	#FF8888
utig4-1922	225	0	225:0	#FF8888
utig4-1923	259	0	259:0	#FF8888
utig4-1924	230	0	230:0	#FF8888
utig4-1925	225	0	225:0	#FF8888
utig4-1926	242	0	242:0	#FF8888
utig4-1927	144	0	144:0	#FF8888
utig4-1928	162	0	162:0	#FF8888
utig4-1929	123	0	123:0	#FF8888
utig4-1930	126	0	126:0	#FF8888
utig4-1931	126	0	126:0	#FF8888
utig4-1932	126	0	126:0	#FF8888
utig4-1933	189	0	189:0	#FF8888
utig4-1934	225	0	225:0	#FF8888
utig4-1935	189	0	189:0	#FF8888
utig4-1936	162	0	162:0	#FF8888
utig4-1937	216	0	216:0	#FF8888
utig4-1938	207	0	207:0	#FF8888
utig4-1939	144	0	144:0	#FF8888
utig4-1940	144	0	144:0	#FF8888
utig4-1941	225	0	225:0	#FF8888
utig4-1942	126	0	126:0	#FF8888
utig4-1943	279	0	279:0	#FF8888
utig4-1944	135	0	135:0	#FF8888
utig4-1945	180	0	180:0	#FF8888
utig4-1946	180	0	180:0	#FF8888
utig4-1947	162	0	162:0	#FF8888
utig4-1948	216	0	216:0	#FF8888
utig4-1949	225	0	225:0	#FF8888
utig4-1950	252	0	252:0	#FF8888
utig4-1951	166	0	166:0	#FF8888
utig4-1952	81	0	81:0	#AAAAAA
utig4-1953	90	0	90:0	#AAAAAA
utig4-1954	81	0	81:0	#AAAAAA
utig4-1955	117	0	117:0	#FF8888
utig4-1956	171	0	171:0	#FF8888
utig4-1957	333	0	333:0	#FF8888
utig4-1958	63	0	63:0	#AAAAAA
utig4-1959	63	0	63:0	#AAAAAA
utig4-1960	135	0	135:0	#FF8888
utig4-1961	126	0	126:0	#FF8888
utig4-1962	90	0	90:0	#AAAAAA
utig4-1963	144	0	144:0	#FF8888
utig4-1964	63	0	63:0	#AAAAAA
utig4-1965	161	0	161:0	#FF8888
utig4-1966	203	0	203:0	#FF8888
utig4-1967	189	0	189:0	#FF8888
utig4-1968	54	0	54:0	#AAAAAA
utig4-1969	126	0	126:0	#FF8888
utig4-1970	54	0	54:0	#AAAAAA
utig4-1971	63	0	63:0	#AAAAAA
utig4-1972	659	0	659:0	#FF8888
utig4-1973	117	0	117:0	#FF8888
utig4-1974	99	0	99:0	#AAAAAA
utig4-1975	99	0	99:0	#AAAAAA
utig4-1976	108	0	108:0	#FF8888
utig4-1977	108	0	108:0	#FF8888
utig4-1978	189	0	189:0	#FF8888
utig4-1979	135	0	135:0	#FF8888
utig4-1980	126	0	126:0	#FF8888
utig4-1981	144	0	144:0	#FF8888
utig4-1982	168	0	168:0	#FF8888
utig4-1983	45	0	45:0	#AAAAAA
utig4-1984	171	0	171:0	#FF8888
utig4-1985	117	0	117:0	#FF8888
utig4-1986	243	0	243:0	#FF8888
utig4-1987	133	0	133:0	#FF8888
utig4-1988	180	0	180:0	#FF8888
utig4-1989	144	0	144:0	#FF8888
utig4-1990	234	0	234:0	#FF8888
utig4-1991	390	0	390:0	#FF8888
utig4-1992	2245	0	2245:0	#FF8888
utig4-1993	81	0	81:0	#AAAAAA
utig4-1994	90	0	90:0	#AAAAAA
utig4-1995	107	0	107:0	#FF8888
utig4-1996	99	0	99:0	#AAAAAA
utig4-1997	167	0	167:0	#FF8888
utig4-1998	546	0	546:0	#FF8888
utig4-1999	12910316	1052	12910316:1052	#FF8888
utig4-2000	147561	0	147561:0	#FF8888
utig4-2001	435	0	435:0	#FF8888
utig4-2002	232	0	232:0	#FF8888
utig4-2003	108	0	108:0	#FF8888
utig4-2004	90	0	90:0	#AAAAAA
utig4-2005	72	0	72:0	#AAAAAA
utig4-2006	63	0	63:0	#AAAAAA
utig4-2007	117	0	117:0	#FF8888
utig4-2008	144	0	144:0	#FF8888
utig4-2009	81	0	81:0	#AAAAAA
utig4-2010	144	0	144:0	#FF8888
utig4-2011	122	0	122:0	#FF8888
utig4-2012	90	0	90:0	#AAAAAA
utig4-2013	126	0	126:0	#FF8888
utig4-2014	126	0	126:0	#FF8888
utig4-2015	135	0	135:0	#FF8888
utig4-2016	126	0	126:0	#FF8888
utig4-2017	54	0	54:0	#AAAAAA
utig4-2018	3000	0	3000:0	#FF8888
utig4-2019	3001	0	3001:0	#FF8888
utig4-2020	105	0	105:0	#FF8888
utig4-2021	315	0	315:0	#FF8888
utig4-2022	135	0	135:0	#FF8888
utig4-2023	99	0	99:0	#AAAAAA
utig4-2024	45	0	45:0	#AAAAAA
utig4-2025	117	0	117:0	#FF8888
utig4-2026	153	0	153:0	#FF8888
utig4-2027	81	0	81:0	#AAAAAA
utig4-2028	135	0	135:0	#FF8888
utig4-2029	144	0	144:0	#FF8888
utig4-2030	180	0	180:0	#FF8888
utig4-2031	241	0	241:0	#FF8888
utig4-2032	161	0	161:0	#FF8888
utig4-2033	277	0	277:0	#FF8888
utig4-2034	171	0	171:0	#FF8888
utig4-2035	90	0	90:0	#AAAAAA
utig4-2036	63	0	63:0	#AAAAAA
utig4-2037	117	0	117:0	#FF8888
utig4-2038	90	0	90:0	#AAAAAA
utig4-2039	10722	0	10722:0	#FF8888
utig4-2040	12770	0	12770:0	#FF8888
utig4-2041	4633	0	4633:0	#FF8888
utig4-2042	6213	0	6213:0	#FF8888
utig4-2043	1497	0	1497:0	#FF8888
utig4-2044	3710	0	3710:0	#FF8888
utig4-2045	110295	0	110295:0	#FF8888
utig4-2046	72	0	72:0	#AAAAAA
utig4-2047	119	0	119:0	#FF8888
utig4-2048	126	0	126:0	#FF8888
utig4-2049	90	0	90:0	#AAAAAA
utig4-2050	144	0	144:0	#FF8888
utig4-2051	58	0	58:0	#AAAAAA
utig4-2052	84	0	84:0	#AAAAAA
utig4-2053	270	0	270:0	#FF8888
utig4-2054	306	0	306:0	#FF8888
utig4-2055	108	0	108:0	#FF8888
utig4-2056	90	0	90:0	#AAAAAA
utig4-2057	117	0	117:0	#FF8888
utig4-2058	126	0	126:0	#FF8888
utig4-2059	108	0	108:0	#FF8888
utig4-2060	4639	0	4639:0	#FF8888
utig4-2061	15585867	1053	15585867:1053	#FF8888
utig4-2062	108	0	108:0	#FF8888
utig4-2063	108	0	108:0	#FF8888
utig4-2064	99	0	99:0	#AAAAAA
utig4-2065	99	0	99:0	#AAAAAA
utig4-2066	108	0	108:0	#FF8888
utig4-2067	90	0	90:0	#AAAAAA
utig4-2068	270	0	270:0	#FF8888
utig4-2069	108	0	108:0	#FF8888
utig4-2070	99	0	99:0	#AAAAAA
utig4-2071	90	0	90:0	#AAAAAA
utig4-2072	90	0	90:0	#AAAAAA
utig4-2073	90	0	90:0	#AAAAAA
utig4-2074	108	0	108:0	#FF8888
utig4-2075	153099	0	153099:0	#FF8888
utig4-2076	171	0	171:0	#FF8888
utig4-2077	161	0	161:0	#FF8888
utig4-2078	149	0	149:0	#FF8888
utig4-2079	171	0	171:0	#FF8888
utig4-2080	108	0	108:0	#FF8888
utig4-2081	117	0	117:0	#FF8888
utig4-2082	180	0	180:0	#FF8888
utig4-2083	99	0	99:0	#AAAAAA
utig4-2084	108	0	108:0	#FF8888
utig4-2085	126	0	126:0	#FF8888
utig4-2086	279	0	279:0	#FF8888
utig4-2087	135	0	135:0	#FF8888
utig4-2088	135	0	135:0	#FF8888
utig4-2089	117	0	117:0	#FF8888
utig4-2090	155	0	155:0	#FF8888
utig4-2091	117	0	117:0	#FF8888
utig4-2092	108	0	108:0	#FF8888
utig4-2093	117	0	117:0	#FF8888
utig4-2094	117	0	117:0	#FF8888
utig4-2095	126	0	126:0	#FF8888
utig4-2096	225	0	225:0	#FF8888
utig4-2097	138	0	138:0	#FF8888
utig4-2098	63	0	63:0	#AAAAAA
utig4-2099	108	0	108:0	#FF8888
utig4-2100	126	0	126:0	#FF8888
utig4-2101	440	0	440:0	#FF8888
utig4-2102	155	0	155:0	#FF8888
utig4-2103	360	0	360:0	#FF8888
utig4-2104	108	0	108:0	#FF8888
utig4-2105	108	0	108:0	#FF8888
utig4-2106	63	0	63:0	#AAAAAA
utig4-2107	99	0	99:0	#AAAAAA
utig4-2108	117	0	117:0	#FF8888
utig4-2109	126	0	126:0	#FF8888
utig4-2110	178	0	178:0	#FF8888
utig4-2111	2	2107	2:2107	#8888FF
utig4-2112	63	0	63:0	#AAAAAA
utig4-2113	99	0	99:0	#AAAAAA
utig4-2114	126	0	126:0	#FF8888
utig4-2115	594	0	594:0	#FF8888
utig4-2116	103	0	103:0	#FF8888
utig4-2117	171	0	171:0	#FF8888
utig4-2118	117	0	117:0	#FF8888
utig4-2119	117	0	117:0	#FF8888
utig4-2120	261	0	261:0	#FF8888
utig4-2121	144	0	144:0	#FF8888
utig4-2122	72	0	72:0	#AAAAAA
utig4-2123	0	0	0:0	#AAAAAA
utig4-2124	0	0	0:0	#AAAAAA
utig4-2125	113	0	113:0	#FF8888
utig4-2126	81	0	81:0	#AAAAAA
utig4-2127	1881	0	1881:0	#FF8888
utig4-2128	180	0	180:0	#FF8888
utig4-2129	234	0	234:0	#FF8888
utig4-2130	225	0	225:0	#FF8888
utig4-2131	162	0	162:0	#FF8888
utig4-2132	108	0	108:0	#FF8888
utig4-2133	45	0	45:0	#AAAAAA
utig4-2134	90	0	90:0	#AAAAAA
utig4-2135	108	0	108:0	#FF8888
utig4-2136	198	0	198:0	#FF8888
utig4-2137	117	0	117:0	#FF8888
utig4-2138	135	0	135:0	#FF8888
utig4-2139	117	0	117:0	#FF8888
utig4-2140	108	0	108:0	#FF8888
utig4-2141	149927	10398306	149927:10398306	#8888FF
utig4-2142	67	15	67:15	#AAAAAA
utig4-2143	133	6651	133:6651	#8888FF
utig4-2144	144	0	144:0	#FF8888
utig4-2145	800	3649	800:3649	#FFFF00
utig4-2146	23	6035	23:6035	#8888FF
utig4-2147	417	288923	417:288923	#8888FF
utig4-2148	99	0	99:0	#AAAAAA
utig4-2149	144	0	144:0	#FF8888
utig4-2150	135	0	135:0	#FF8888
utig4-2151	189	0	189:0	#FF8888
utig4-2152	153	0	153:0	#FF8888
utig4-2153	162	0	162:0	#FF8888
utig4-2154	165	0	165:0	#FF8888
utig4-2155	117022	0	117022:0	#FF8888
utig4-2156	20454	0	20454:0	#FF8888
utig4-2157	633	0	633:0	#FF8888
utig4-2158	4782	0	4782:0	#FF8888
utig4-2159	7712679	480	7712679:480	#FF8888
utig4-2160	345	0	345:0	#FF8888
utig4-2161	550	0	550:0	#FF8888
utig4-2162	140393	0	140393:0	#FF8888
utig4-2163	1951	0	1951:0	#FF8888
utig4-2164	12862533	748	12862533:748	#FF8888
utig4-2165	108	0	108:0	#FF8888
utig4-2166	135	0	135:0	#FF8888
utig4-2167	117	0	117:0	#FF8888
utig4-2168	108	0	108:0	#FF8888
utig4-2169	108	0	108:0	#FF8888
utig4-2170	689	3471	689:3471	#FFFF00
utig4-2171	306	2131	306:2131	#FFFF00
utig4-2172	117	0	117:0	#FF8888
utig4-2173	81	0	81:0	#AAAAAA
utig4-2174	41	0	41:0	#AAAAAA
utig4-2175	112	0	112:0	#FF8888
utig4-2176	135	0	135:0	#FF8888
utig4-2177	200	0	200:0	#FF8888
utig4-2178	99	0	99:0	#AAAAAA
utig4-2179	162	0	162:0	#FF8888
utig4-2180	180	0	180:0	#FF8888
utig4-2181	0	0	0:0	#AAAAAA
utig4-2182	155	0	155:0	#FF8888
utig4-2183	152	0	152:0	#FF8888
utig4-2184	135	0	135:0	#FF8888
utig4-2185	153	0	153:0	#FF8888
utig4-2186	108	0	108:0	#FF8888
utig4-2187	135	0	135:0	#FF8888
utig4-2188	1362	0	1362:0	#FF8888
utig4-2189	272	0	272:0	#FF8888
utig4-2190	144	0	144:0	#FF8888
utig4-2191	63	0	63:0	#AAAAAA
utig4-2192	135	0	135:0	#FF8888
utig4-2193	126	0	126:0	#FF8888
utig4-2194	112	0	112:0	#FF8888
utig4-2195	535	0	535:0	#FF8888
utig4-2196	23579	1	23579:1	#FF8888
utig4-2197	135	0	135:0	#FF8888
utig4-2198	162	0	162:0	#FF8888
utig4-2199	144	0	144:0	#FF8888
utig4-2200	126	0	126:0	#FF8888
utig4-2201	108	0	108:0	#FF8888
utig4-2202	117	0	117:0	#FF8888
utig4-2203	108	0	108:0	#FF8888
utig4-2204	153	0	153:0	#FF8888
utig4-2205	153	0	153:0	#FF8888
utig4-2206	43	0	43:0	#AAAAAA
utig4-2207	180	0	180:0	#FF8888
utig4-2208	198	0	198:0	#FF8888
utig4-2209	108	0	108:0	#FF8888
utig4-2210	153	0	153:0	#FF8888
utig4-2211	129	0	129:0	#FF8888
utig4-2212	117	0	117:0	#FF8888
utig4-2213	144	0	144:0	#FF8888
utig4-2214	2661	0	2661:0	#FF8888
utig4-2215	8633	0	8633:0	#FF8888
utig4-2216	382371	26	382371:26	#FF8888
utig4-2217	72405	7	72405:7	#FF8888
utig4-2218	54	0	54:0	#AAAAAA
utig4-2219	180	0	180:0	#FF8888
utig4-2220	162	0	162:0	#FF8888
utig4-2221	117	0	117:0	#FF8888
utig4-2222	117	0	117:0	#FF8888
utig4-2223	53	0	53:0	#AAAAAA
utig4-2224	0	0	0:0	#AAAAAA
utig4-2225	403	0	403:0	#FF8888
utig4-2226	30326	0	30326:0	#FF8888
utig4-2227	780	0	780:0	#FF8888
utig4-2228	788	0	788:0	#FF8888
utig4-2229	108	0	108:0	#FF8888
utig4-2230	99	0	99:0	#AAAAAA
utig4-2231	195	0	195:0	#FF8888
utig4-2232	204	0	204:0	#FF8888
utig4-2233	117	0	117:0	#FF8888
utig4-2234	495	0	495:0	#FF8888
utig4-2235	126	0	126:0	#FF8888
utig4-2236	117	0	117:0	#FF8888
utig4-2237	137	0	137:0	#FF8888
utig4-2238	117	0	117:0	#FF8888
utig4-2239	162	0	162:0	#FF8888
utig4-2240	207	0	207:0	#FF8888
utig4-2241	81	0	81:0	#AAAAAA
utig4-2242	108	0	108:0	#FF8888
utig4-2243	171	0	171:0	#FF8888
utig4-2244	36	0	36:0	#AAAAAA
utig4-2245	133	0	133:0	#FF8888
utig4-2246	144	0	144:0	#FF8888
utig4-2247	124	0	124:0	#FF8888
utig4-2248	117	0	117:0	#FF8888
utig4-2249	153	0	153:0	#FF8888
utig4-2250	35	13	35:13	#AAAAAA
utig4-2251	108	0	108:0	#FF8888
utig4-2252	122	0	122:0	#FF8888
utig4-2253	108	0	108:0	#FF8888
utig4-2254	153	0	153:0	#FF8888
utig4-2255	148	0	148:0	#FF8888
utig4-2256	162	0	162:0	#FF8888
utig4-2257	227	0	227:0	#FF8888
utig4-2258	72	0	72:0	#AAAAAA
utig4-2259	5014	0	5014:0	#FF8888
utig4-2260	325	0	325:0	#FF8888
utig4-2261	8905836	475	8905836:475	#FF8888
utig4-2262	153	0	153:0	#FF8888
utig4-2263	141	0	141:0	#FF8888
utig4-2264	211	0	211:0	#FF8888
utig4-2265	126	0	126:0	#FF8888
utig4-2266	117	0	117:0	#FF8888
utig4-2267	225	0	225:0	#FF8888
utig4-2268	189	0	189:0	#FF8888
utig4-2269	189	0	189:0	#FF8888
utig4-2270	171	0	171:0	#FF8888
utig4-2271	359	0	359:0	#FF8888
utig4-2272	207	0	207:0	#FF8888
utig4-2273	45	0	45:0	#AAAAAA
utig4-2274	131	0	131:0	#FF8888
utig4-2275	144	0	144:0	#FF8888
utig4-2276	135	0	135:0	#FF8888
utig4-2277	1336	0	1336:0	#FF8888
utig4-2278	1524	0	1524:0	#FF8888
