node	coverage	length
utig4-0	0.00	4851
utig4-1	0.00	4424
utig4-2	0.00	7571
utig4-3	0.00	4160
utig4-4	0.00	3881
utig4-5	1.37	14635
utig4-6	0.00	7427
utig4-7	2.00	14234
utig4-8	433.48	9554
utig4-9	38.44	39316
utig4-10	39.67	26029
utig4-11	32.15	24286
utig4-12	42.20	65319
utig4-13	24.47	19636
utig4-14	65.10	59601
utig4-16	27.22	10984
utig4-19	14.30	29154
utig4-20	32.21	18196
utig4-21	29.17	39548
utig4-22	39.61	12567
utig4-23	41.27	16809
utig4-24	59.33	25191
utig4-25	34.74	22216
utig4-26	84.96	45821
utig4-28	19.17	27655
utig4-29	32.53	8176
utig4-30	29.80	11368
utig4-31	41.75	522337
utig4-32	43.42	261909
utig4-33	12.52	10655
utig4-34	1.00	11055
utig4-35	1.71	11126
utig4-36	1.81	8340
utig4-40	0.00	30163
utig4-41	0.00	8034
utig4-42	0.00	7841
utig4-43	36.15	1
utig4-44	31.22	59605
utig4-45	33.15	9667
utig4-46	31.44	6089
utig4-48	45.28	104837
utig4-49	61.94	9477
utig4-50	0.00	6309
utig4-51	3.74	63640
utig4-52	0.61	12324
utig4-53	0.00	15166
utig4-54	0.00	2808
utig4-55	0.00	7548
utig4-56	0.00	7845
utig4-57	0.00	11538
utig4-58	3.78	23452
utig4-61	25.50	22284
utig4-62	1.29	20102
utig4-63	0.00	7959
utig4-64	1.00	7953
utig4-65	1.00	7211
utig4-66	0.00	7298
utig4-67	1.00	16669
utig4-68	0.00	7893
utig4-69	0.00	16865
utig4-70	0.00	23584
utig4-71	20.94	65042
utig4-73	62.41	177106
utig4-76	0.00	16408
utig4-77	71.06	30333458
utig4-79	3.00	11554
utig4-80	67.61	1590442
utig4-81	0.00	3405
utig4-82	47.24	125813
utig4-83	39.54	240139
utig4-84	10.00	5247
utig4-85	39.81	12318
utig4-86	40.54	170937
utig4-87	0.95	8418
utig4-88	0.00	14624
utig4-89	1.00	8365
utig4-90	0.00	9117
utig4-91	1.97	9609
utig4-92	0.00	8380
utig4-93	26.44	19185
utig4-94	22.88	12980
utig4-95	5.00	7953
utig4-96	1.98	7188
utig4-97	1.46	17539
utig4-98	5.00	8523
utig4-99	0.00	7466
utig4-100	4.00	8564
utig4-101	1.00	9059
utig4-102	0.19	43230
utig4-103	1.39	18699
utig4-104	1.00	24616
utig4-105	47.50	1333786
utig4-106	6.63	22894
utig4-107	48.98	1079310
utig4-111	5.20	10218
utig4-112	29.21	17334
utig4-113	0.00	12548
utig4-114	0.00	10425
utig4-115	2.00	19283
utig4-116	0.00	16213
utig4-117	0.00	8159
utig4-118	0.00	8160
utig4-119	0.00	19962
utig4-120	0.66	13892
utig4-121	0.00	9421
utig4-122	0.00	7999
utig4-123	0.58	9680
utig4-124	0.93	6181
utig4-125	5.00	18320
utig4-126	0.00	8109
utig4-127	0.00	8990
utig4-128	4.78	1349
utig4-129	7.04	25843
utig4-130	0.46	15793
utig4-131	3.00	12160
utig4-132	0.00	5621
utig4-133	6.72	9531
utig4-134	0.00	25468
utig4-135	0.00	5640
utig4-136	0.00	8389
utig4-137	0.00	9135
utig4-138	2.00	9666
utig4-139	2.00	9531
utig4-140	0.00	9755
utig4-141	2.00	9589
utig4-142	0.93	9587
utig4-143	1.98	17259
utig4-144	15.66	25936
utig4-145	19.24	7810
utig4-146	4.83	6967
utig4-147	0.00	11966
utig4-148	0.00	4018
utig4-150	1.00	1
utig4-151	45.00	26747
utig4-152	6.00	29526
utig4-153	1.10	15876
utig4-154	0.00	19603
utig4-155	0.00	8942
utig4-156	0.00	8978
utig4-157	2.03	18087
utig4-163	6.83	7189
utig4-165	28.64	10070
utig4-166	15.56	33746
utig4-167	1.46	12924
utig4-168	0.00	12301
utig4-171	138.59	34454
utig4-172	2.00	5330
utig4-174	0.00	5285
utig4-175	1.00	8639
utig4-179	24.70	47924
utig4-180	0.00	8193
utig4-181	1.00	2703
utig4-182	19.67	13415
utig4-183	5.00	9635
utig4-184	38.22	85026
utig4-185	9.89	2988
utig4-186	42.74	980895
utig4-187	14.24	15462
utig4-188	33.90	9923
utig4-189	30.15	32842
utig4-191	0.00	12453
utig4-192	0.00	8882
utig4-193	0.00	9457
utig4-194	0.00	8954
utig4-195	0.00	14410
utig4-196	0.00	9961
utig4-197	0.00	8116
utig4-199	18.61	18243
utig4-200	38.63	14097
utig4-201	0.00	3004
utig4-202	3.00	16587
utig4-203	2.26	27378
utig4-204	4.33	15540
utig4-205	0.85	9861
utig4-206	0.00	9052
utig4-207	0.00	13799
utig4-208	0.00	9865
utig4-209	0.00	10052
utig4-210	0.00	10888
utig4-211	0.00	19988
utig4-212	0.00	10373
utig4-213	54.66	1
utig4-214	10.18	29962
utig4-217	9.06	38766
utig4-219	0.00	9122
utig4-220	0.00	9097
utig4-222	17.51	18372
utig4-223	0.00	20982
utig4-224	0.00	11509
utig4-225	0.00	20280
utig4-226	0.00	10065
utig4-227	0.00	10688
utig4-228	0.00	10602
utig4-229	48.91	1818584
utig4-230	33.84	53377
utig4-231	6.00	7028
utig4-232	0.00	10237
utig4-233	0.00	9094
utig4-234	4.00	9094
utig4-235	4.00	9664
utig4-236	4.00	9664
utig4-237	2.28	63401
utig4-238	4.00	9705
utig4-239	2.00	10234
utig4-240	0.61	44764
utig4-241	1.94	10715
utig4-242	0.00	23304
utig4-243	5.50	20985
utig4-244	21.00	12047
utig4-245	37.05	38438
utig4-246	2.00	10152
utig4-247	45.17	145163
utig4-248	46.61	49462
utig4-249	19.01	9693
utig4-250	6.00	2032
utig4-251	67.66	1
utig4-252	48.54	1323448
utig4-253	6.95	5362
utig4-254	242.51	12839
utig4-255	14.98	5022
utig4-256	8.00	2933
utig4-257	3.83	6359
utig4-258	2.00	3756
utig4-259	63.71	4598908
utig4-260	65.85	30296303
utig4-261	1.00	3932
utig4-264	0.00	2810
utig4-265	10.00	4824
utig4-266	6.00	6130
utig4-267	0.00	15561
utig4-268	0.00	19998
utig4-269	94.42	1
utig4-270	33.15	15665
utig4-271	4.05	30927
utig4-272	36.83	16901
utig4-273	73.96	10098
utig4-274	17.00	11314
utig4-275	0.80	27174
utig4-276	0.90	19286
utig4-277	17.73	11485
utig4-278	12.00	5719
utig4-279	0.00	10808
utig4-280	0.00	7398
utig4-281	0.00	8564
utig4-282	4.00	10236
utig4-283	4.00	10146
utig4-284	0.00	8475
utig4-285	0.00	9666
utig4-286	0.00	21626
utig4-287	0.00	9795
utig4-288	0.00	10118
utig4-289	0.00	11390
utig4-290	0.19	35033
utig4-291	0.00	11484
utig4-292	0.00	8755
utig4-293	0.61	25355
utig4-294	0.66	6743
utig4-295	0.00	13390
utig4-296	0.82	8499
utig4-297	34.21	5779
utig4-298	70.42	163951443
utig4-299	52.13	17763
utig4-300	40.22	30767
utig4-301	9.00	40312
utig4-303	4.00	39134
utig4-304	0.00	4639
utig4-305	0.00	11558
utig4-306	8.54	17541
utig4-308	22.57	78918
utig4-309	42.02	16666
utig4-310	0.00	11952
utig4-312	14.11	11821
utig4-313	8.10	14361
utig4-316	3.00	4425
utig4-317	0.83	5573
utig4-318	2.43	9087
utig4-319	4.00	10721
utig4-320	3.59	16342
utig4-321	0.00	11378
utig4-322	4.00	9972
utig4-323	0.00	11599
utig4-325	1.00	22416
utig4-326	0.00	9877
utig4-327	0.00	10436
utig4-328	4.02	12923
utig4-329	0.00	30615
utig4-330	0.00	14054
utig4-331	0.00	14054
utig4-332	2.33	12054
utig4-333	45.86	517946
utig4-334	12.00	5833
utig4-335	41.55	170605
utig4-336	29.47	36535
utig4-337	39.46	138311
utig4-338	0.00	9891
utig4-339	3.00	10628
utig4-340	1.00	3396
utig4-341	2.00	3848
utig4-342	1.53	12033
utig4-343	0.00	8171
utig4-344	36.17	18324
utig4-345	23.07	33381
utig4-346	19.98	54714
utig4-347	43.86	1
utig4-348	17.25	30087
utig4-349	1.60	19843
utig4-350	0.00	16791
utig4-351	0.86	10462
utig4-354	6179.99	1
utig4-355	10.37	14097
utig4-356	0.00	7312
utig4-357	10.63	16619
utig4-358	52.91	10645
utig4-359	5.97	8310
utig4-360	17.95	7173
utig4-361	9.75	25982
utig4-362	5.88	13777
utig4-363	41.55	32097
utig4-364	29.49	206520
utig4-367	9.27	21302
utig4-368	20.65	13082
utig4-369	4.71	20888
utig4-370	0.38	20797
utig4-371	7.98	8111
utig4-372	40.95	165362
utig4-373	10.00	7943
utig4-375	10.64	20469
utig4-376	131.69	15013
utig4-377	54.06	7293
utig4-381	13.47	9342
utig4-382	6.94	8344
utig4-383	51.92	2409
utig4-384	6.00	2033
utig4-385	6.82	4705
utig4-386	16.84	3138
utig4-387	4.00	7358
utig4-388	4.95	7505
utig4-389	0.00	14162
utig4-390	43.23	140281
utig4-391	14.70	6017
utig4-392	0.00	2278
utig4-393	17.92	3466
utig4-394	3.35	11802
utig4-395	0.62	12948
utig4-396	0.66	11096
utig4-397	0.00	11580
utig4-398	1.83	16510
utig4-399	35.46	48984
utig4-400	0.00	12604
utig4-401	0.00	10743
utig4-402	0.00	9325
utig4-403	0.00	10498
utig4-404	1.00	7822
utig4-405	1.98	4266
utig4-406	0.00	11149
utig4-407	8.38	20705
utig4-408	7.00	7816
utig4-409	4.94	8814
utig4-410	0.00	3854
utig4-411	0.00	12138
utig4-412	0.00	11599
utig4-413	2.62	14074
utig4-415	14.87	7983
utig4-417	5.00	4942
utig4-418	9.09	18494
utig4-419	8.30	9236
utig4-420	5.72	3924
utig4-421	253.00	1
utig4-422	27.92	19754
utig4-424	34.81	15941
utig4-425	30.81	41911
utig4-426	43.79	48449
utig4-427	44.60	15811
utig4-429	41.08	13275
utig4-430	40.65	53958
utig4-431	71.06	87978337
utig4-433	33.23	21651
utig4-437	20.53	21786
utig4-438	61.31	19616
utig4-439	0.61	18353
utig4-440	0.00	4396
utig4-441	2.00	11099
utig4-442	1.00	9362
utig4-443	6.00	1471
utig4-444	76.57	1
utig4-449	36.55	78976
utig4-450	51.45	37585
utig4-451	48.74	206204
utig4-452	59.74	22654
utig4-453	11.48	5838
utig4-454	25.23	3848
utig4-455	62.64	2704
utig4-456	49.15	96744
utig4-457	74.66	7586
utig4-458	34.99	164620
utig4-459	27.00	4958
utig4-460	51.47	1850842
utig4-461	53.12	235606
utig4-462	8.21	10240
utig4-463	0.00	12004
utig4-464	0.00	30099
utig4-465	673.49	34999
utig4-466	89.78	25806
utig4-467	189.00	11318
utig4-468	125.96	11856
utig4-469	16.00	10047
utig4-470	63.28	4582
utig4-471	5.55	13681
utig4-472	18.91	5840
utig4-473	6.47	11402
utig4-474	16.00	9102
utig4-475	38.92	1
utig4-476	11.83	15786
utig4-477	6.74	720
utig4-478	7.00	14323
utig4-479	20.73	53943
utig4-482	10.49	17522
utig4-483	32.29	12813
utig4-484	52.30	340902
utig4-485	3.66	5256
utig4-486	26.83	5255
utig4-487	10.00	636
utig4-488	0.65	9499
utig4-489	0.00	9325
utig4-493	84.96	4114
utig4-495	69.27	47054631
utig4-496	67.50	52799358
utig4-497	0.00	20887
utig4-498	11.15	14705
utig4-499	15.00	5434
utig4-500	6.45	18117
utig4-502	9.00	7339
utig4-503	1.97	18753
utig4-504	3.00	6216
utig4-505	52.93	16536
utig4-506	37.34	475764
utig4-507	21.80	36493
utig4-508	52.78	7788280
utig4-509	35.75	284080
utig4-511	6.27	14021
utig4-512	19.81	25806
utig4-513	7.11	13579
utig4-514	18.44	24709
utig4-515	71.74	22021
utig4-517	10.52	15735
utig4-518	13.00	5431
utig4-519	8.00	10775
utig4-520	33.97	14481
utig4-521	7.99	8380
utig4-522	4.34	24164
utig4-523	5.98	7850
utig4-524	11.49	16292
utig4-525	13.40	8063
utig4-526	14.47	7946
utig4-527	7.93	7294
utig4-528	6.87	6799
utig4-529	5.82	67422
utig4-530	26.01	11898
utig4-531	25.17	5244
utig4-532	5.83	19303
utig4-533	8.88	15903
utig4-534	10.93	27539
utig4-535	249.32	18683
utig4-536	14.97	10102
utig4-537	12.23	21652
utig4-538	6.81	16587
utig4-539	6.01	15717
utig4-540	10.22	9745
utig4-541	9.89	19692
utig4-543	7.30	9462
utig4-544	0.12	38253
utig4-545	5.13	13275
utig4-546	5.00	6212
utig4-547	5.00	9664
utig4-548	1.40	19124
utig4-549	4.94	7209
utig4-550	0.78	8683
utig4-551	0.00	5032
utig4-552	18.45	33963
utig4-553	1.62	9603
utig4-554	4.86	9665
utig4-555	104.84	1
utig4-556	71.59	98086163
utig4-557	36.63	12443
utig4-558	74.94	81072
utig4-559	81.22	15822
utig4-560	0.00	3957
utig4-561	2.00	9074
utig4-562	4.00	1645
utig4-563	1.05	4140
utig4-564	0.00	17784
utig4-565	0.00	15710
utig4-566	9.58	23533
utig4-567	0.52	19321
utig4-568	2.16	27974
utig4-569	0.00	15680
utig4-570	82.63	381937
utig4-571	81.10	23608
utig4-573	29.26	29989
utig4-574	15.35	28656
utig4-575	46.01	3159
utig4-576	4.49	3176
utig4-577	64.36	475997
utig4-578	48.10	1838192
utig4-579	7.00	2001
utig4-580	3.00	17980
utig4-581	2.00	23118
utig4-582	2.00	25804
utig4-583	4.00	16418
utig4-584	6.00	13107
utig4-585	2.00	4663
utig4-586	3.00	9016
utig4-587	2.00	24458
utig4-588	2.00	19254
utig4-589	3.00	25555
utig4-590	30.99	150641
utig4-591	27.17	94350
utig4-592	2.00	25964
utig4-593	6.00	11645
utig4-594	21.00	17422
utig4-595	53.13	32106
utig4-597	0.75	7324
utig4-598	2.00	14701
utig4-599	0.00	18302
utig4-600	26.69	8661
utig4-601	4.00	3538
utig4-602	7.00	5337
utig4-603	2.00	5961
utig4-604	12.00	3707
utig4-605	0.00	11307
utig4-606	0.00	3309
utig4-607	0.00	8497
utig4-609	7.28	28322
utig4-610	583.40	14337
utig4-611	1.00	4588
utig4-612	1.00	9828
utig4-613	2.00	2711
utig4-614	7.00	5574
utig4-615	2.00	235
utig4-616	3.00	15760
utig4-617	6.00	6135
utig4-618	4.00	5005
utig4-619	2.00	11485
utig4-620	2.00	13981
utig4-621	2.00	7583
utig4-622	4.00	7539
utig4-623	4.00	9986
utig4-624	2.00	1519
utig4-625	3.00	5558
utig4-626	3.00	10377
utig4-627	6.00	7239
utig4-628	217.00	2846
utig4-629	72.00	2259
utig4-630	1.00	10298
utig4-631	4.00	1892
utig4-632	1.00	9547
utig4-633	3.00	2204
utig4-634	1.00	11909
utig4-635	1.00	11946
utig4-636	9.00	5155
utig4-637	5.00	1184
utig4-638	2.00	5558
utig4-639	5.00	8314
utig4-640	9.00	3178
utig4-641	6.00	7351
utig4-642	7.00	6409
utig4-643	5.00	1642
utig4-644	6.00	8117
utig4-645	65.00	1807
utig4-646	233.00	2844
utig4-647	1.42	8526
utig4-648	0.00	4034
utig4-649	3.00	5361
utig4-651	7.42	20248
utig4-652	12.85	20571
utig4-653	0.00	3158
utig4-654	0.00	8932
utig4-655	0.00	10020
utig4-656	0.00	11417
utig4-657	0.00	13686
utig4-658	0.00	4275
utig4-659	119.10	63813
utig4-660	19.00	31105
utig4-661	4.00	10967
utig4-662	2.00	26431
utig4-663	10.00	11980
utig4-664	7.00	16929
utig4-665	35.29	59259
utig4-666	0.00	4945
utig4-669	26.53	8430
utig4-671	48.48	57543
utig4-672	0.00	5710
utig4-673	0.00	3826
utig4-674	0.00	3349
utig4-675	0.00	4636
utig4-678	19.25	9988
utig4-679	68.22	26431
utig4-680	8.65	10770
utig4-681	42.80	127927
utig4-682	30.67	9638
utig4-684	17.61	6480
utig4-685	49.12	139484
utig4-686	49.62	877602
utig4-687	81.53	11904
utig4-688	0.00	13650
utig4-689	475.07	10740
utig4-690	4.00	6947
utig4-691	3.00	66
utig4-692	6.00	7378
utig4-693	1.00	8267
utig4-694	3.00	5976
utig4-695	1.00	3485
utig4-696	1.00	7054
utig4-697	3.00	3417
utig4-698	8.00	6102
utig4-699	3.00	17941
utig4-700	1.00	5413
utig4-701	2.00	5400
utig4-702	5.00	178
utig4-703	38.00	76
utig4-704	2.00	11714
utig4-705	5.00	1363
utig4-706	3.00	6255
utig4-707	3.00	6458
utig4-708	13.00	5144
utig4-709	0.00	7245
utig4-710	0.00	10295
utig4-711	0.00	6986
utig4-712	3.00	4769
utig4-713	3.00	6018
utig4-714	3.00	5016
utig4-715	8.00	5053
utig4-716	2.00	1160
utig4-717	3.00	4151
utig4-718	3.00	5159
utig4-719	4.00	3305
utig4-720	38.00	598
utig4-721	68.52	375898
utig4-722	43.83	4928
utig4-723	48.98	4271360
utig4-724	70.80	77433468
utig4-725	153.06	7996
utig4-726	0.00	4192
utig4-727	0.00	4999
utig4-728	0.00	3215
utig4-729	0.00	6775
utig4-730	0.00	7428
utig4-731	4.00	3879
utig4-732	0.00	2048
utig4-733	47.15	1591628
utig4-734	40.71	22840
utig4-736	58.42	6168
utig4-738	32.27	18035
utig4-739	83.00	4862
utig4-740	5.35	9872
utig4-741	38.30	389147
utig4-743	35.61	49075
utig4-744	40.25	16360
utig4-745	39.28	333651
utig4-746	108.27	19701
utig4-747	51.39	746024
utig4-748	65.78	35238127
utig4-749	0.00	4188
utig4-750	26.21	15878
utig4-752	52.81	11910939
utig4-753	55.03	392151
utig4-754	0.00	3827
utig4-756	50.00	10683
utig4-757	59.90	10740
utig4-760	69.74	57320816
utig4-761	1.73	11149
utig4-762	46.03	312225
utig4-764	63.55	35441
utig4-765	56.34	11335
utig4-766	6.93	3719
utig4-767	33.91	10582
utig4-768	67.73	59192082
utig4-769	68.54	47330405
utig4-770	69.03	54024924
utig4-772	7.97	2954
utig4-774	0.00	4978
utig4-776	48.64	597894
utig4-777	47.40	1154028
utig4-778	52.30	9723253
utig4-779	31.11	306046
utig4-780	46.49	368222
utig4-781	61.67	10526
utig4-782	45.47	1236733
utig4-783	42.22	419005
utig4-784	23.29	8538
utig4-785	12.00	7931
utig4-786	71.43	85853833
utig4-787	120.79	5244
utig4-788	7.94	6160
utig4-789	5.48	11455
utig4-790	47.45	4969093
utig4-791	0.00	3867
utig4-792	50.63	121080
utig4-793	4.38	13914
utig4-794	36.91	767345
utig4-795	44.95	20895
utig4-796	24.12	20304
utig4-797	71.30	84591256
utig4-798	50.70	954428
utig4-799	73.80	21008
utig4-801	9.00	4339
utig4-803	41.93	34086
utig4-804	70.72	77059283
utig4-805	0.00	4498
utig4-806	38.27	44016
utig4-807	32.73	291963
utig4-808	31.53	34293
utig4-810	46.45	29500
utig4-811	121.09	19858
utig4-812	124.94	24099
utig4-813	42.48	16273
utig4-815	98.48	15066
utig4-817	54.21	79638
utig4-818	49.13	12122
utig4-819	37.15	12125
utig4-820	40.39	19858
utig4-821	69.42	95470606
utig4-822	0.00	5875
utig4-823	0.00	4030
utig4-824	47.01	157585
utig4-825	36.45	91124
utig4-826	47.05	162057
utig4-827	48.66	290468
utig4-828	0.81	5026
utig4-829	0.00	6569
utig4-830	0.00	3372
utig4-831	44.04	744771
utig4-832	7.10	7444
utig4-834	46.42	3250939
utig4-835	5.99	7607
utig4-836	1450.77	35567
utig4-837	49.85	211289
utig4-838	6.00	4383
utig4-839	46.63	1372895
utig4-840	9.63	21681
utig4-841	20.39	27665
utig4-842	30.79	11990
utig4-843	30.23	59064
utig4-844	54.04	8281599
utig4-845	24.29	29492
utig4-846	44.68	338465
utig4-847	51.77	2464550
utig4-848	19.95	7670
utig4-849	0.00	9184
utig4-850	44.70	602565
utig4-851	50.73	1073986
utig4-852	31.74	6990
utig4-853	51.46	1057241
utig4-854	45.67	933266
utig4-855	14.37	10844
utig4-856	38.54	58704
utig4-857	38.79	134503
utig4-858	48.29	686620
utig4-859	16.58	14682
utig4-860	44.62	2065390
utig4-861	119.84	1
utig4-862	33.38	162799
utig4-863	48.15	1236547
utig4-864	44.04	538440
utig4-865	19.33	24833
utig4-866	0.00	20620
utig4-867	44.98	195552
utig4-868	5.05	10820
utig4-869	2.95	14524
utig4-870	70.25	51808136
utig4-871	49.01	896157
utig4-872	24.55	18620
utig4-873	0.41	26183
utig4-876	0.88	16207
utig4-877	69.51	15212019
utig4-878	50.58	236432
utig4-879	65.00	5781
utig4-880	45.84	787844
utig4-881	67.74	69955839
utig4-882	50.31	929527
utig4-883	43.84	848978
utig4-884	7.53	9702
utig4-885	42.51	1
utig4-886	43.12	65937
utig4-887	6.00	1940
utig4-888	43.53	1090803
utig4-889	0.00	8932
utig4-890	67.02	43329852
utig4-891	36.47	30948
utig4-892	11.25	47459
utig4-894	43.49	520906
utig4-895	68.46	58789361
utig4-896	66.01	47582048
utig4-897	46.75	115082
utig4-898	19.82	7490
utig4-899	39.69	185963
utig4-900	16.25	22919
utig4-901	55.27	1
utig4-902	46.23	12250
utig4-903	0.00	10005
utig4-904	0.00	7885
utig4-905	0.00	17699
utig4-906	0.00	4767
utig4-907	69.75	36992030
utig4-908	71.28	201044151
utig4-909	68.05	53510840
utig4-910	67.05	49518706
utig4-911	51.76	804716
utig4-912	0.00	12479
utig4-913	66.83	47540814
utig4-914	68.78	44557224
utig4-915	69.70	74335594
utig4-916	69.47	80263618
utig4-918	43.61	12097
utig4-920	34.35	111652
utig4-921	68.98	63640260
utig4-922	70.42	52114646
utig4-923	10.00	1949
utig4-924	6.00	1937
utig4-927	76.65	26524
utig4-928	50.07	71059
utig4-929	47.11	11260
utig4-930	66.65	743168
utig4-931	2180.43	15152
utig4-932	3.00	3301
utig4-933	45.50	1511415
utig4-934	70.84	68313121
utig4-941	79.02	17688
utig4-943	67.03	24106
utig4-945	50.99	10223
utig4-946	0.00	5289
utig4-947	47.78	597318
utig4-948	8.00	5995
utig4-949	49.67	774659
utig4-950	48.68	256489
utig4-953	41.90	5377
utig4-954	9.12	8138
utig4-955	219.62	1898
utig4-957	0.00	4377
utig4-958	0.00	4392
utig4-959	94.56	24812
utig4-960	82.49	22920
utig4-961	50.80	107414
utig4-962	21.00	2210
utig4-963	42.64	508114
utig4-964	41.79	10833
utig4-965	48.25	290986
utig4-966	6.75	13146
utig4-970	5.97	4094
utig4-974	70.79	180594119
utig4-975	70.04	60809401
utig4-976	5.98	7456
utig4-977	29.71	11602
utig4-978	12.56	10808
utig4-979	19.97	11254
utig4-980	48.64	1932269
utig4-981	49.98	3582718
utig4-984	53.04	9314011
utig4-985	51.67	19301
utig4-986	64.84	16076
utig4-987	69.24	36843464
utig4-988	45.90	84406
utig4-993	37.44	25299
utig4-994	48.08	1113317
utig4-995	0.00	9209
utig4-996	40.94	16972
utig4-997	17.46	10049
utig4-998	14.94	10058
utig4-999	31.40	34317
utig4-1000	17.64	14287
utig4-1001	12.62	14290
utig4-1002	44.00	7644
utig4-1003	8.50	36332
utig4-1005	3.90	34887
utig4-1010	62.50	30238
utig4-1012	47.29	24147
utig4-1014	41.27	25576
utig4-1020	0.00	8907
utig4-1024	41.82	26369
utig4-1025	94.99	16092
utig4-1026	50.01	28375
utig4-1028	50.89	17341
utig4-1029	40.35	25091
utig4-1030	54.38	25091
utig4-1031	2.89	28168
utig4-1032	16.28	17351
utig4-1034	51.66	19925
utig4-1036	50.50	12835
utig4-1037	151.16	7205
utig4-1039	75.54	34172
utig4-1040	48.79	13293
utig4-1044	0.00	19917
utig4-1045	65.35	24480
utig4-1046	50.86	1943
utig4-1047	36.13	125279
utig4-1048	3.00	780
utig4-1049	38.37	7641
utig4-1050	54.76	37519
utig4-1051	27.87	112048
utig4-1052	59.83	24893
utig4-1053	70.62	30310733
utig4-1054	51.67	1167769
utig4-1055	50.56	5560
utig4-1056	31.39	24347
utig4-1060	45.23	38698
utig4-1062	0.00	5008
utig4-1064	71.37	198266031
utig4-1066	41.36	21342
utig4-1067	69.57	21133
utig4-1068	56.23	40437
utig4-1069	49.70	3626052
utig4-1070	10.42	10762
utig4-1073	0.00	4191
utig4-1074	3.72	42237
utig4-1075	6.45	9712
utig4-1076	30.41	19909
utig4-1088	11.28	10395
utig4-1089	16.05	19937
utig4-1090	4.59	13681
utig4-1091	47.70	2221915
utig4-1094	15.00	6561
utig4-1097	4.00	5872
utig4-1098	52.17	2978891
utig4-1099	12.10	15218
utig4-1100	31.34	9764
utig4-1101	2.96	9880
utig4-1102	198.00	1
utig4-1104	206.74	38405
utig4-1105	32.89	4512
utig4-1106	9.40	10348
utig4-1107	46.92	1
utig4-1108	73.96	9319
utig4-1109	13.36	4012
utig4-1110	10.93	17362
utig4-1111	0.00	5894
utig4-1112	22.41	10017
utig4-1118	15.57	430
utig4-1119	4.41	14811
utig4-1120	10.58	10573
utig4-1122	2.71	16317
utig4-1123	9.00	3462
utig4-1124	0.00	9110
utig4-1126	11.05	4874
utig4-1129	4.58	20084
utig4-1132	6.00	5396
utig4-1137	8.97	10314
utig4-1138	12.59	25729
utig4-1139	43.93	711779
utig4-1140	17.00	3684
utig4-1141	18.79	3156
utig4-1143	46.46	12036
utig4-1144	0.00	9330
utig4-1145	0.00	1007
utig4-1146	58.96	12730
utig4-1147	71.84	3770
utig4-1148	38.46	1
utig4-1149	6.89	4761
utig4-1151	0.00	4052
utig4-1152	0.00	5505
utig4-1153	0.00	3703
utig4-1154	0.00	8221
utig4-1155	0.00	4809
utig4-1156	0.00	2655
utig4-1157	0.00	1177
utig4-1158	89.18	4113
utig4-1159	0.00	5054
utig4-1160	0.00	4310
utig4-1161	0.00	7241
utig4-1162	0.00	3530
utig4-1163	7.00	2788
utig4-1164	0.00	5435
utig4-1165	0.00	2241
utig4-1166	0.77	7246
utig4-1167	36.48	194576
utig4-1168	29.23	1
utig4-1169	6.97	2153
utig4-1170	36.76	5419
utig4-1171	9.99	2706
utig4-1172	47.46	1288351
utig4-1173	12.15	17112
utig4-1174	29.38	17293
utig4-1175	0.00	4091
utig4-1176	92.23	316537
utig4-1177	19.32	3866
utig4-1178	71.26	97103651
utig4-1179	62.95	6161387
utig4-1180	0.00	7253
utig4-1181	0.00	3995
utig4-1182	124.15	115886
utig4-1183	63.90	16314
utig4-1184	56.77	16892
utig4-1185	56.28	3185
utig4-1186	67.23	3102
utig4-1187	0.00	5787
utig4-1189	0.00	8993
utig4-1190	0.00	2745
utig4-1191	0.00	19444
utig4-1192	0.00	6759
utig4-1193	57.13	7003
utig4-1195	54.04	223465
utig4-1196	45.60	1503040
utig4-1197	0.00	3206
utig4-1198	100.09	38896
utig4-1199	43.36	6155
utig4-1200	39.57	214344
utig4-1201	49.05	21760
utig4-1202	14.00	3014
utig4-1204	29.37	5157
utig4-1205	43.33	11544
utig4-1206	20.25	5091
utig4-1207	0.00	4015
utig4-1208	0.00	10704
utig4-1209	0.00	3887
utig4-1210	0.00	4190
utig4-1211	56.37	21148
utig4-1212	21.36	4787
utig4-1213	43.73	593886
utig4-1214	58.02	228795
utig4-1216	46.34	418128
utig4-1217	0.00	5339
utig4-1218	39.65	342664
utig4-1219	0.00	3926
utig4-1220	0.00	1713
utig4-1228	6.00	3481
utig4-1229	41.14	122288
utig4-1230	0.77	6623
utig4-1231	0.00	19995
utig4-1232	0.00	3882
utig4-1233	0.42	5828
utig4-1234	10.49	11196
utig4-1235	13.96	21351
utig4-1236	1.14	4370
utig4-1237	52.59	1962231
utig4-1239	2.24	4379
utig4-1240	0.00	4471
utig4-1241	68.28	48398518
utig4-1243	12.71	5671
utig4-1245	21.87	53093
utig4-1246	0.00	4391
utig4-1248	58.21	5991
utig4-1250	69.86	5998
utig4-1251	61.67	5642
utig4-1252	9.82	11197
utig4-1253	47.49	11293
utig4-1254	7.00	4917
utig4-1255	50.56	87507
utig4-1256	13.84	15363
utig4-1257	51.22	580231
utig4-1258	32.92	6889
utig4-1259	0.00	4666
utig4-1260	46.21	33868
utig4-1261	10.38	3062
utig4-1262	71.17	85482798
utig4-1263	69.49	76975324
utig4-1264	2.46	12309
utig4-1265	0.00	4438
utig4-1266	110.06	50996
utig4-1267	60.26	85465
utig4-1268	52.26	2149976
utig4-1269	49.80	44768
utig4-1270	52.71	43921
utig4-1271	28.06	20598
utig4-1272	37.19	182316
utig4-1273	0.56	8494
utig4-1274	0.90	15937
utig4-1275	0.00	5239
utig4-1276	0.00	4725
utig4-1277	0.00	2182
utig4-1278	0.00	4100
utig4-1279	0.00	4951
utig4-1280	0.00	9105
utig4-1281	0.99	12729
utig4-1282	0.00	5933
utig4-1283	0.00	11148
utig4-1284	0.00	6757
utig4-1285	3.47	10058
utig4-1286	0.19	17265
utig4-1287	0.50	19332
utig4-1288	0.00	9982
utig4-1289	2.86	5219
utig4-1290	0.00	11111
utig4-1291	0.00	11749
utig4-1292	0.00	37264
utig4-1293	1.30	32137
utig4-1294	0.00	12325
utig4-1295	1.38	24911
utig4-1296	0.00	16365
utig4-1297	0.00	9467
utig4-1298	1.57	3204
utig4-1299	50.73	675167
utig4-1300	7.81	19311
utig4-1301	12.00	8805
utig4-1302	30.75	106932
utig4-1303	49.69	1732258
utig4-1304	41.18	18377
utig4-1305	0.00	5097
utig4-1306	0.00	2672
utig4-1307	1.00	15386
utig4-1308	0.00	6011
utig4-1309	51.06	4567104
utig4-1310	6.09	35041
utig4-1311	51.96	1095375
utig4-1312	47.96	513358
utig4-1313	89.05	16392
utig4-1314	48.01	1343431
utig4-1315	1.62	12088
utig4-1317	51.63	7610
utig4-1318	5.78	9028
utig4-1319	12.53	32568
utig4-1320	22.23	23317
utig4-1321	30.19	11821
utig4-1323	53.11	6972
utig4-1325	9256.69	35940
utig4-1326	13.96	9497
utig4-1327	2.00	8001
utig4-1328	12.96	12483
utig4-1329	76.00	1
utig4-1330	10.14	12197
utig4-1331	11.88	15900
utig4-1332	7120.95	7025
utig4-1333	12.96	2212
utig4-1334	8.75	18453
utig4-1335	3.57	15995
utig4-1336	21.38	6986
utig4-1338	15.37	24098
utig4-1339	23.82	22457
utig4-1340	31.40	8528
utig4-1341	47.63	15655
utig4-1342	9.10	20097
utig4-1343	10.92	20836
utig4-1344	9.13	14165
utig4-1345	5.98	87579
utig4-1346	6.63	59297
utig4-1348	16.17	54900
utig4-1349	20.08	42783
utig4-1350	327.75	7901
utig4-1351	7.00	6268
utig4-1352	166.49	15001
utig4-1353	13.37	13870
utig4-1354	10.96	26621
utig4-1355	7.16	53025
utig4-1357	5.00	26780
utig4-1358	3994.76	1
utig4-1359	6279.96	1
utig4-1360	11.97	10452
utig4-1361	11.46	15182
utig4-1362	7.83	9766
utig4-1363	61.61	42108
utig4-1364	25.65	7595
utig4-1365	8.95	8769
utig4-1366	73.19	42984
utig4-1367	17.00	7931
utig4-1368	17.36	4557
utig4-1369	39.40	15865
utig4-1370	36.88	8898
utig4-1371	15.58	17232
utig4-1374	17.60	34021
utig4-1375	10.09	40041
utig4-1376	15.19	29921
utig4-1377	6.93	20923
utig4-1378	63.25	12863
utig4-1380	6.99	15213
utig4-1381	128.01	23767
utig4-1382	107.95	23470
utig4-1383	5.00	6063
utig4-1384	15.19	14183
utig4-1385	47.77	987437
utig4-1386	10.00	7723
utig4-1387	13.89	2954
utig4-1388	23.71	36598
utig4-1389	63.01	21339
utig4-1391	11.16	6913
utig4-1393	47.88	27545
utig4-1395	23.91	16985
utig4-1396	18.40	3850
utig4-1397	60.22	13274
utig4-1398	25.60	24784
utig4-1399	2.29	28411
utig4-1400	8.00	10044
utig4-1401	4.97	8391
utig4-1402	6.00	7081
utig4-1403	12.67	14707
utig4-1404	5.10	14160
utig4-1405	4.51	20841
utig4-1406	2.01	24751
utig4-1407	16.00	7121
utig4-1408	18.89	31387
utig4-1409	8281.01	1
utig4-1410	24.32	32138
utig4-1411	17.30	15461
utig4-1412	9.70	17287
utig4-1413	51.89	5007
utig4-1414	12.41	930
utig4-1415	5.48	24041
utig4-1416	9.82	10661
utig4-1417	5.57	5220
utig4-1418	26.13	7599
utig4-1419	0.84	7527
utig4-1420	1.95	6634
utig4-1421	7.17	13525
utig4-1422	4.00	7788
utig4-1423	2.00	6285
utig4-1425	182.91	9108
utig4-1426	8.14	40720
utig4-1427	7.00	3402
utig4-1428	0.00	4733
utig4-1429	10.30	34237
utig4-1431	9.47	12290
utig4-1432	126.95	8082
utig4-1433	7.64	26497
utig4-1434	0.00	6417
utig4-1435	28.12	18612
utig4-1436	1.93	22036
utig4-1437	48.66	189088
utig4-1438	0.00	5906
utig4-1439	42.95	20480
utig4-1440	22.40	16205
utig4-1441	70.23	52620553
utig4-1442	47.78	5696775
utig4-1443	28.24	9843
utig4-1444	28.33	1
utig4-1445	12.04	38146
utig4-1446	10.16	16110
utig4-1448	12.39	28879
utig4-1449	0.00	13504
utig4-1450	0.00	14764
utig4-1452	14.32	10385
utig4-1453	10.00	5590
utig4-1454	0.00	7938
utig4-1455	0.00	1887
utig4-1458	34.58	36744
utig4-1459	32.99	78341
utig4-1460	4.00	11957
utig4-1461	81.93	1
utig4-1462	36.79	26611
utig4-1463	35.64	27648
utig4-1464	27.23	41061
utig4-1465	11.55	10946
utig4-1466	70.05	33077548
utig4-1467	0.00	7105
utig4-1468	109.94	60468
utig4-1469	69.73	37057934
utig4-1470	45.41	690270
utig4-1471	39.51	13337
utig4-1472	6.00	4958
utig4-1473	2.13	23997
utig4-1474	4.00	8471
utig4-1475	50.99	623372
utig4-1476	70.40	72217545
utig4-1477	2.83	45445
utig4-1479	25.06	10773
utig4-1480	70.25	57019076
utig4-1481	37.55	21948
utig4-1482	53.86	7713992
utig4-1484	18.00	4958
utig4-1485	4.71	12065
utig4-1486	28.92	15901
utig4-1487	64.03	4566277
utig4-1488	0.00	1735
utig4-1489	0.00	7147
utig4-1490	176.29	1
utig4-1491	171.72	24775
utig4-1492	0.00	1827
utig4-1493	0.00	5913
utig4-1494	0.00	2218
utig4-1495	0.00	2587
utig4-1496	0.00	5166
utig4-1497	0.00	1869
utig4-1498	0.00	5040
utig4-1499	0.00	2490
utig4-1500	0.00	2245
utig4-1501	0.00	10108
utig4-1502	0.00	2468
utig4-1503	0.00	4976
utig4-1504	102.07	98228
utig4-1505	44.22	20184
utig4-1506	49.36	1116140
utig4-1507	58.05	507737
utig4-1508	17.54	29049
utig4-1509	0.00	3089
utig4-1510	50.32	1794947
utig4-1511	0.00	5522
utig4-1512	0.00	2154
utig4-1513	2.00	3804
utig4-1514	0.00	5307
utig4-1515	0.00	2220
utig4-1516	0.00	5128
utig4-1517	0.00	2612
utig4-1518	0.00	5125
utig4-1519	0.00	2756
utig4-1520	0.00	2260
utig4-1521	0.00	6739
utig4-1522	0.00	3456
utig4-1523	0.00	1745
utig4-1524	0.00	10245
utig4-1525	0.00	3301
utig4-1526	0.00	2308
utig4-1527	0.93	6129
utig4-1528	23.77	1
utig4-1529	0.00	6403
utig4-1530	2.00	7528
utig4-1531	0.00	2504
utig4-1532	0.00	6991
utig4-1533	0.00	6954
utig4-1534	0.00	7173
utig4-1535	1.00	6745
utig4-1536	0.93	15269
utig4-1537	0.00	6702
utig4-1538	9.37	141
utig4-1539	0.00	7497
utig4-1540	0.00	2745
utig4-1541	0.00	4109
utig4-1542	0.00	2246
utig4-1543	0.00	3330
utig4-1544	2.40	6375
utig4-1545	0.00	7158
utig4-1546	0.00	9258
utig4-1547	0.00	3851
utig4-1548	0.00	1997
utig4-1549	0.00	3830
utig4-1550	0.00	3642
utig4-1551	0.00	2712
utig4-1553	9.69	12937
utig4-1554	0.00	5615
utig4-1555	1.21	3927
utig4-1556	0.00	2463
utig4-1557	0.00	3166
utig4-1559	0.00	2277
utig4-1560	0.00	5560
utig4-1561	26.77	1
utig4-1562	20.69	8422
utig4-1563	35.65	5605
utig4-1564	1.65	9769
utig4-1565	0.00	9513
utig4-1566	4.47	15810
utig4-1567	0.00	2802
utig4-1568	0.00	5214
utig4-1569	0.00	2775
utig4-1570	0.00	2087
utig4-1571	0.00	3343
utig4-1572	0.00	9153
utig4-1573	0.42	19975
utig4-1574	0.00	2874
utig4-1575	0.00	2316
utig4-1576	4.88	8487
utig4-1577	0.00	4431
utig4-1578	0.00	2576
utig4-1579	0.00	2730
utig4-1580	0.00	5502
utig4-1582	35.52	1
utig4-1583	39.36	54806
utig4-1584	0.40	10005
utig4-1585	0.00	11579
utig4-1586	0.00	3657
utig4-1587	0.00	3786
utig4-1588	0.00	1873
utig4-1589	0.00	2093
utig4-1590	0.00	2516
utig4-1591	0.00	3265
utig4-1592	0.00	3465
utig4-1593	54.38	6248
utig4-1594	51.72	4848
utig4-1595	55.16	7214152
utig4-1596	0.00	4226
utig4-1597	0.00	3188
utig4-1598	0.00	22727
utig4-1599	0.00	4986
utig4-1600	21.32	7567
utig4-1601	16.97	7566
utig4-1602	0.00	5792
utig4-1603	0.00	3441
utig4-1604	2.16	9094
utig4-1605	0.98	10172
utig4-1606	6.65	1
utig4-1607	0.00	3834
utig4-1608	0.00	10993
utig4-1609	0.00	16401
utig4-1610	1.47	25996
utig4-1611	0.00	3362
utig4-1612	0.00	9444
utig4-1613	0.00	3070
utig4-1614	0.00	5991
utig4-1615	0.00	8786
utig4-1616	0.00	2760
utig4-1617	0.00	3722
utig4-1618	1.32	11292
utig4-1619	0.00	3948
utig4-1620	0.00	4346
utig4-1621	0.00	2805
utig4-1622	0.00	2730
utig4-1623	0.00	5022
utig4-1624	0.00	6389
utig4-1625	0.00	2683
utig4-1626	0.00	4690
utig4-1627	0.00	3370
utig4-1628	0.00	3732
utig4-1629	0.72	4369
utig4-1630	0.39	34547
utig4-1631	0.00	2175
utig4-1632	0.00	13091
utig4-1633	0.00	3009
utig4-1634	0.00	4598
utig4-1635	0.29	5964
utig4-1636	0.00	7406
utig4-1637	0.00	1396
utig4-1638	0.00	2148
utig4-1639	0.00	3125
utig4-1640	0.00	3688
utig4-1641	0.00	1960
utig4-1642	0.00	3333
utig4-1643	0.00	3325
utig4-1644	0.00	2627
utig4-1645	0.00	2871
utig4-1646	0.00	3337
utig4-1648	0.00	4587
utig4-1649	0.62	4296
utig4-1650	0.00	2764
utig4-1651	0.00	3447
utig4-1652	0.00	3059
utig4-1654	0.00	10094
utig4-1655	0.40	7663
utig4-1656	0.00	3931
utig4-1657	141.07	12562
utig4-1659	0.00	6812
utig4-1660	0.00	3972
utig4-1661	0.00	6209
utig4-1662	0.00	4474
utig4-1663	2.00	2932
utig4-1664	2.00	2665
utig4-1665	0.00	2916
utig4-1666	0.00	3717
utig4-1667	0.00	2221
utig4-1669	23.70	18202
utig4-1670	0.00	7592
utig4-1671	0.00	3429
utig4-1672	0.00	3753
utig4-1673	0.00	2551
utig4-1674	48.83	1328446
utig4-1675	70.36	18248
utig4-1676	50.53	655854
utig4-1677	0.00	10270
utig4-1678	0.00	7527
utig4-1679	0.00	17004
utig4-1680	0.00	7019
utig4-1681	0.00	6331
utig4-1682	3.94	6622
utig4-1683	0.00	14500
utig4-1684	4.00	6299
utig4-1685	0.00	8958
utig4-1686	4.31	58632
utig4-1687	1.45	19898
utig4-1688	0.75	14355
utig4-1689	0.00	1804
utig4-1690	0.00	5214
utig4-1691	0.00	3457
utig4-1692	0.53	5151
utig4-1693	0.00	3867
utig4-1694	2.00	3184
utig4-1695	0.00	1852
utig4-1696	0.00	8040
utig4-1697	5.96	32
utig4-1698	0.00	8263
utig4-1699	0.00	2945
utig4-1700	0.00	4964
utig4-1701	0.00	2437
utig4-1702	0.56	3404
utig4-1703	2.48	5090
utig4-1704	17.60	18999
utig4-1705	0.00	12184
utig4-1706	0.00	4807
utig4-1707	0.00	7323
utig4-1708	0.00	5324
utig4-1709	0.00	6699
utig4-1710	0.00	6391
utig4-1711	2.00	3843
utig4-1712	2.00	3414
utig4-1713	0.00	3903
utig4-1714	0.00	21069
utig4-1715	0.00	5063
utig4-1716	0.00	2201
utig4-1717	1.67	8090
utig4-1718	1.33	5020
utig4-1719	0.00	3461
utig4-1720	0.00	4348
utig4-1721	0.00	4763
utig4-1722	0.00	3324
utig4-1723	3.48	8687
utig4-1724	2.77	16191
utig4-1725	0.17	22553
utig4-1726	0.00	8947
utig4-1727	1.33	18492
utig4-1728	0.00	3987
utig4-1729	0.00	5698
utig4-1730	0.00	4985
utig4-1731	0.00	10083
utig4-1732	44.71	1671624
utig4-1733	4.99	14393
utig4-1734	37.05	312541
utig4-1735	0.00	6341
utig4-1736	0.00	2786
utig4-1737	0.00	9184
utig4-1738	0.00	8525
utig4-1739	0.00	4241
utig4-1740	0.00	16490
utig4-1741	0.00	6436
utig4-1742	0.68	29743
utig4-1743	4.91	10237
utig4-1744	0.00	2736
utig4-1745	3.00	5763
utig4-1746	3.97	16882
utig4-1747	2.00	13097
utig4-1748	1.44	19751
utig4-1749	4.00	5429
utig4-1750	1.00	6507
utig4-1751	1.46	9367
utig4-1752	1.88	4472
utig4-1753	0.00	9493
utig4-1754	0.00	4356
utig4-1755	0.00	4467
utig4-1756	0.00	5983
utig4-1757	0.00	5458
utig4-1758	27.38	22587
utig4-1759	3.00	6344
utig4-1760	55.96	941130
utig4-1761	0.00	4166
utig4-1762	2.46	14085
utig4-1763	0.00	4565
utig4-1764	0.00	5505
utig4-1765	0.00	6673
utig4-1766	0.00	17164
utig4-1767	0.00	5517
utig4-1768	0.00	6903
utig4-1769	4.00	5235
utig4-1770	0.00	4926
utig4-1771	0.00	5577
utig4-1772	0.00	5764
utig4-1773	0.00	11913
utig4-1774	0.00	19712
utig4-1775	0.00	7251
utig4-1776	0.65	20497
utig4-1777	1.17	13701
utig4-1778	0.00	7226
utig4-1779	1.00	5032
utig4-1780	0.00	6227
utig4-1781	4.61	6214
utig4-1782	0.00	6890
utig4-1783	3.85	4563
utig4-1784	2.06	12357
utig4-1785	0.00	4334
utig4-1786	0.00	4980
utig4-1787	0.00	5257
utig4-1788	0.00	11243
utig4-1789	8.87	145
utig4-1790	7.02	6153
utig4-1791	5.92	5377
utig4-1792	3.00	4633
utig4-1793	17.00	4968
utig4-1794	0.00	5756
utig4-1795	0.00	5015
utig4-1796	0.71	9728
utig4-1797	4.92	11679
utig4-1798	1.18	26932
utig4-1799	0.00	10205
utig4-1800	1.00	7287
utig4-1801	70.49	74753325
utig4-1803	1.65	11499
utig4-1804	0.00	5924
utig4-1805	3.58	53194
utig4-1806	0.27	27292
utig4-1807	0.00	5609
utig4-1808	0.00	10213
utig4-1809	0.00	5528
utig4-1810	3.00	7249
utig4-1811	0.00	5192
utig4-1812	4.82	3282
utig4-1813	2.28	15676
utig4-1814	0.00	3619
utig4-1815	0.00	10394
utig4-1816	0.00	9251
utig4-1817	220.86	1
utig4-1818	3.64	26694
utig4-1819	4.59	19964
utig4-1820	4.97	23149
utig4-1821	12.46	29271
utig4-1822	12.35	38044
utig4-1823	26.49	17503
utig4-1824	13.33	49352
utig4-1825	7.91	8053
utig4-1826	9.79	37429
utig4-1827	10.39	19146
utig4-1828	7.00	23602
utig4-1829	6.00	8577
utig4-1830	205.00	8259
utig4-1831	3.00	7197
utig4-1832	1.00	7309
utig4-1833	0.00	4254
utig4-1834	0.00	31568
utig4-1835	3.00	6621
utig4-1836	0.31	24940
utig4-1837	0.00	4873
utig4-1838	0.00	13360
utig4-1839	0.00	4101
utig4-1840	0.69	28179
utig4-1841	0.00	3320
utig4-1842	0.00	5366
utig4-1843	0.00	2712
utig4-1844	0.00	2964
utig4-1845	0.00	3410
utig4-1846	43.19	2492105
utig4-1847	69.23	60484247
utig4-1848	1.00	5386
utig4-1849	0.00	3418
utig4-1850	0.00	11079
utig4-1851	0.00	6404
utig4-1852	1.44	8582
utig4-1853	0.00	4466
utig4-1854	0.00	4917
utig4-1855	0.00	5177
utig4-1856	47.87	3421244
utig4-1857	17.63	1819
utig4-1860	0.00	6695
utig4-1861	0.00	6323
utig4-1862	3.00	14518
utig4-1863	1.97	26116
utig4-1864	0.00	4990
utig4-1865	31.66	9370
utig4-1866	27.13	95086
utig4-1868	55.82	4827
utig4-1869	1.73	10019
utig4-1870	0.00	22780
utig4-1871	1.72	6361
utig4-1872	0.00	6201
utig4-1873	0.00	3867
utig4-1874	3.00	7768
utig4-1875	2.00	6304
utig4-1876	1.00	14025
utig4-1877	0.00	9040
utig4-1878	0.89	10011
utig4-1879	0.94	9998
utig4-1880	0.43	15701
utig4-1881	0.69	7549
utig4-1882	2.85	4898
utig4-1883	1.92	6616
utig4-1884	13.90	70753
utig4-1885	0.00	6162
utig4-1886	0.00	9713
utig4-1887	0.41	11151
utig4-1888	11.61	1
utig4-1889	7.08	21156
utig4-1890	7.00	8928
utig4-1891	0.00	5319
utig4-1892	0.74	7076
utig4-1893	0.00	5785
utig4-1894	0.00	7131
utig4-1895	0.00	5202
utig4-1896	51.30	1011471
utig4-1897	44.02	1228989
utig4-1898	7.54	11030
utig4-1899	43.20	200110
utig4-1900	0.00	4164
utig4-1902	182.28	20126
utig4-1903	69.29	17141
utig4-1904	19.05	15694
utig4-1905	27.97	23357
utig4-1906	138.81	16636
utig4-1907	31.89	20085
utig4-1908	13.99	29117
utig4-1909	22.91	26590
utig4-1910	8.73	22365
utig4-1911	24.88	5691
utig4-1912	17.52	7723
utig4-1913	13.21	22966
utig4-1914	21.62	18231
utig4-1915	11.28	11333
utig4-1916	15.92	9684
utig4-1917	17.45	7878
utig4-1919	13.72	46299
utig4-1920	5.00	15655
utig4-1921	8.21	23286
utig4-1922	20.03	37950
utig4-1923	41.25	24545
utig4-1924	8.65	20946
utig4-1925	12.78	22795
utig4-1926	28.56	15863
utig4-1928	14.76	6683
utig4-1929	5.27	14604
utig4-1930	90.71	8224
utig4-1932	7.00	7653
utig4-1933	7.91	11562
utig4-1934	16.57	29911
utig4-1935	6.00	10790
utig4-1936	14.58	11524
utig4-1937	5.00	6982
utig4-1938	5.99	14081
utig4-1939	19.00	8451
utig4-1941	13.03	15402
utig4-1942	6.00	7643
utig4-1943	9.28	24491
utig4-1944	7.86	7743
utig4-1945	19.40	18352
utig4-1946	6.79	11921
utig4-1947	15.47	15932
utig4-1948	6.85	23918
utig4-1949	10.41	33638
utig4-1950	12.96	8341
utig4-1951	7.47	8643
utig4-1952	0.00	5066
utig4-1953	0.00	8869
utig4-1954	0.00	5107
utig4-1955	0.99	7535
utig4-1956	0.33	18089
utig4-1958	3.00	3878
utig4-1959	3.00	4033
utig4-1960	1.99	8297
utig4-1961	4.00	8228
utig4-1962	4.00	5600
utig4-1963	1.00	13171
utig4-1964	0.00	4423
utig4-1965	2.94	7570
utig4-1966	0.00	4036
utig4-1967	8.85	29764
utig4-1968	0.00	3486
utig4-1969	5.00	11673
utig4-1970	3.00	3159
utig4-1971	4.00	3878
utig4-1972	0.00	5617
utig4-1973	4.46	14352
utig4-1974	0.00	6134
utig4-1975	0.00	6401
utig4-1976	0.00	6572
utig4-1977	0.00	7075
utig4-1978	0.61	35294
utig4-1979	0.00	14489
utig4-1980	2.00	7995
utig4-1981	4.49	15347
utig4-1982	0.00	4450
utig4-1983	3.00	3134
utig4-1984	0.84	16825
utig4-1985	0.00	12571
utig4-1986	5.00	5275
utig4-1987	69.96	1
utig4-1988	34.16	4182
utig4-1989	23.06	1917
utig4-1992	5.57	27487
utig4-1993	0.00	5127
utig4-1994	0.00	5710
utig4-1995	0.00	4478
utig4-1996	0.00	11601
utig4-1997	0.00	19619
utig4-1998	0.00	26754
utig4-1999	69.76	65168973
utig4-2000	49.85	3265054
utig4-2001	1.00	24352
utig4-2002	0.00	4834
utig4-2003	0.66	8842
utig4-2004	0.00	5688
utig4-2005	1.60	4433
utig4-2006	0.00	3742
utig4-2007	0.00	7553
utig4-2008	0.00	8920
utig4-2009	0.71	5240
utig4-2010	0.68	8868
utig4-2011	0.00	5628
utig4-2012	0.00	5497
utig4-2013	0.00	7767
utig4-2014	3.00	7780
utig4-2015	0.00	8358
utig4-2016	0.00	7901
utig4-2017	0.00	3540
utig4-2020	0.00	2402
utig4-2021	6.47	14391
utig4-2022	0.00	23548
utig4-2023	0.00	6141
utig4-2024	0.00	2979
utig4-2025	0.00	7322
utig4-2026	0.50	15202
utig4-2027	0.00	4755
utig4-2028	0.00	14166
utig4-2029	2.94	15208
utig4-2030	0.54	11495
utig4-2031	1.89	15301
utig4-2032	2.00	7471
utig4-2033	0.46	22055
utig4-2034	0.00	16251
utig4-2035	0.00	5781
utig4-2036	0.00	7712
utig4-2037	2.95	9950
utig4-2038	0.00	5795
utig4-2041	6.00	30905
utig4-2042	36.38	42286
utig4-2043	37.70	5232
utig4-2044	3.00	22765
utig4-2045	52.11	977418
utig4-2046	0.00	5071
utig4-2047	0.00	5986
utig4-2048	0.00	19733
utig4-2049	2.00	5651
utig4-2050	1.94	9028
utig4-2051	136.85	1
utig4-2052	128.01	10406
utig4-2053	0.50	28780
utig4-2055	7.00	6813
utig4-2056	3.00	5920
utig4-2057	4.00	7329
utig4-2058	0.00	8133
utig4-2059	1.00	13194
utig4-2060	41.00	61571
utig4-2061	71.02	81794556
utig4-2062	6.97	6707
utig4-2063	3.45	12288
utig4-2064	2.00	6324
utig4-2065	1.00	6138
utig4-2066	1.00	13831
utig4-2067	0.00	5795
utig4-2069	0.00	6609
utig4-2070	0.00	6310
utig4-2071	0.00	5916
utig4-2072	0.00	5950
utig4-2073	1.88	5705
utig4-2074	0.00	6846
utig4-2075	47.92	2899665
utig4-2077	0.00	15532
utig4-2078	0.00	7225
utig4-2079	1.82	41707
utig4-2080	2.84	6735
utig4-2081	19.68	120
utig4-2082	1.40	17068
utig4-2083	2.00	6637
utig4-2084	2.93	6604
utig4-2085	0.39	13746
utig4-2086	0.25	70465
utig4-2087	0.00	8278
utig4-2088	0.00	8319
utig4-2089	0.91	7329
utig4-2090	0.00	10081
utig4-2091	1.00	7245
utig4-2092	1.00	6673
utig4-2093	0.00	7390
utig4-2094	1.00	7369
utig4-2095	1.00	8010
utig4-2096	0.00	21133
utig4-2097	1.53	17620
utig4-2098	0.00	3717
utig4-2099	1.00	6779
utig4-2100	0.00	7764
utig4-2101	0.00	5556
utig4-2102	0.00	8346
utig4-2103	5.95	7583
utig4-2104	0.36	12824
utig4-2105	0.48	12810
utig4-2106	0.00	3777
utig4-2107	0.00	6262
utig4-2108	1.00	13408
utig4-2109	0.00	8002
utig4-2110	0.53	13760
utig4-2111	104.74	78488
utig4-2112	0.00	3689
utig4-2113	0.00	6100
utig4-2114	0.00	8125
utig4-2116	0.00	4025
utig4-2117	0.00	21329
utig4-2118	0.97	14120
utig4-2119	0.00	7286
utig4-2120	0.00	28780
utig4-2121	1.43	9272
utig4-2122	0.00	4598
utig4-2123	0.00	1954
utig4-2124	0.00	1570
utig4-2125	0.00	12669
utig4-2126	0.00	5164
utig4-2128	0.00	30149
utig4-2129	0.86	20087
utig4-2130	0.00	27559
utig4-2131	0.00	14306
utig4-2132	0.00	7196
utig4-2133	0.00	3012
utig4-2134	0.00	7894
utig4-2135	1.00	6674
utig4-2136	0.38	19984
utig4-2137	1.00	7245
utig4-2138	0.00	8495
utig4-2139	1.00	7352
utig4-2140	2.00	6687
utig4-2141	71.18	61465200
utig4-2142	32.56	115477
utig4-2143	34.66	234083
utig4-2144	0.00	12536
utig4-2145	153.25	37719
utig4-2146	30.63	28294
utig4-2147	53.43	8065295
utig4-2148	0.00	6497
utig4-2149	0.00	9031
utig4-2150	5.74	8441
utig4-2151	0.97	11866
utig4-2152	0.00	9531
utig4-2153	0.00	10328
utig4-2154	0.00	6295
utig4-2155	45.94	1679567
utig4-2156	41.63	794328
utig4-2157	56.71	14282
utig4-2158	38.00	110258
utig4-2159	69.74	37508353
utig4-2160	33.16	1
utig4-2161	16.67	21280
utig4-2162	52.33	1465855
utig4-2163	49.77	88666
utig4-2164	71.13	66795403
utig4-2165	0.00	6900
utig4-2166	0.81	8394
utig4-2167	5.72	208
utig4-2168	1.00	6755
utig4-2169	0.00	7069
utig4-2170	53.94	17545
utig4-2172	2.00	7332
utig4-2173	0.00	5611
utig4-2174	0.00	2160
utig4-2175	0.00	4354
utig4-2176	0.00	17134
utig4-2177	0.00	29977
utig4-2178	0.00	6323
utig4-2179	0.00	16551
utig4-2180	0.00	21788
utig4-2181	67.32	1
utig4-2182	0.00	8415
utig4-2183	0.00	9074
utig4-2184	0.00	8383
utig4-2185	0.00	13344
utig4-2186	0.00	6744
utig4-2187	2.00	8340
utig4-2188	0.00	14419
utig4-2189	0.00	15779
utig4-2190	0.00	11789
utig4-2191	1.58	5503
utig4-2192	0.00	8285
utig4-2193	1.00	7847
utig4-2194	0.00	4708
utig4-2195	32.34	10545
utig4-2196	45.93	246533
utig4-2197	1.00	8523
utig4-2198	0.00	10131
utig4-2199	2.61	9059
utig4-2200	0.00	4543
utig4-2201	2.00	6772
utig4-2202	1.00	7141
utig4-2203	0.00	6789
utig4-2204	0.00	17291
utig4-2205	0.00	9676
utig4-2206	62.97	1
utig4-2207	0.00	10816
utig4-2208	0.00	12726
utig4-2209	2.00	7093
utig4-2210	175.32	1240
utig4-2211	0.00	8215
utig4-2212	0.00	7601
utig4-2213	1.59	8854
utig4-2215	27.56	63488
utig4-2216	68.49	1675080
utig4-2217	48.97	1162452
utig4-2218	8.79	2133
utig4-2219	0.00	19626
utig4-2220	0.00	10655
utig4-2221	0.00	7640
utig4-2222	13.03	1
utig4-2223	0.00	3361
utig4-2224	0.74	8493
utig4-2225	137.89	15903
utig4-2226	53.15	701777
utig4-2227	30.29	8218
utig4-2228	30.78	4580
utig4-2229	1.24	9883
utig4-2230	0.00	6364
utig4-2231	5.72	19338
utig4-2232	13.27	12991
utig4-2233	1.00	7542
utig4-2234	1.62	38007
utig4-2235	0.76	8211
utig4-2236	0.00	7555
utig4-2237	0.00	10235
utig4-2238	0.00	7494
utig4-2239	1.60	13594
utig4-2240	0.00	12883
utig4-2241	0.00	5161
utig4-2242	0.00	6860
utig4-2243	2.16	10999
utig4-2244	0.00	2022
utig4-2245	0.00	7567
utig4-2246	3.00	9199
utig4-2247	0.00	7405
utig4-2248	0.00	7420
utig4-2249	1.87	12116
utig4-2250	41.13	21589
utig4-2251	0.79	7154
utig4-2252	0.00	7558
utig4-2253	0.00	7213
utig4-2254	0.73	9675
utig4-2255	0.00	9177
utig4-2256	2.98	18019
utig4-2257	0.00	17091
utig4-2258	0.00	4407
utig4-2259	41.14	194978
utig4-2260	21.79	18293
utig4-2261	68.48	46342014
utig4-2262	0.00	9440
utig4-2263	0.00	7736
utig4-2264	0.00	13346
utig4-2265	4.00	8071
utig4-2266	7.72	7309
utig4-2267	3.28	25402
utig4-2268	0.00	16155
utig4-2269	0.00	12201
utig4-2270	0.00	11343
utig4-2271	0.00	8799
utig4-2272	0.00	12797
utig4-2273	0.00	2633
utig4-2274	0.00	7924
utig4-2275	1.00	9180
utig4-2276	0.00	8318
utig4-2277	57.39	48304
utig4-2278	52.39	61051
